店铺3位码,店铺名称,店铺类型,area_name,block_name,城市平均收入,所处商圈类型,卖场面积（平米）,地铁交通,周边平均房价,店铺入口类型（临街/物业内）
2,上海南京东路中联店,标准(有B),上海1,Block 6(Store Operations Block 6(EAST CHINA 1)),9000,市级商圈,889.0,有,100000,物业内
5,上海港汇恒隆广场店,标准(有B),上海2,Block 6(Store Operations Block 6(EAST CHINA 1)),9000,市级商圈,765.7,有,40000,物业内
9,上海西郊百联店,标准(有B),上海6,Block 6(Store Operations Block 6(EAST CHINA 1)),8500,社区商圈,851.9,有,65000,物业内
15,上海正大广场店,大型,上海11,Block 7(Store Operations Block 7(EAST CHINA 2)),8500,市级商圈,836.0,有,145428,物业内
16,上海五角场万达广场店,标准(有B),上海10,Block 7(Store Operations Block 7(EAST CHINA 2)),9000,区级商圈,#NULL,有,60000,物业内
19,北京西单大悦城店,标准(有B),北京２,Block 13(Store Operations Block 13(NORTH CHINA 1)),6900,市级商圈,1002.7,有,80000,物业内
20,北京新东安店,标准(有B),北京1,Block 13(Store Operations Block 13(NORTH CHINA 1)),6900,市级商圈,1300.0,有,107558,物业内
21,北京三里屯店,标准(无童装),北京２,Block 13(Store Operations Block 13(NORTH CHINA 1)),6900,市级商圈,928.0,有,80000,临街
23,南京水游城店,标准(有B),南京3,Block 10(Store Operations Block 10(EAST CHINA 5)),6080,市级商圈,1040.0,有,26000,物业内
25,南京中央商场店,小型店,南京1,Block 10(Store Operations Block 10(EAST CHINA 5)),6000,市级商圈,444.0,有,26000,物业内
26,上海莘庄仲盛广场店,标准(有B),上海5,Block 6(Store Operations Block 6(EAST CHINA 1)),8500,社区商圈,490.0,有,30000,物业内
27,宁波天一广场店,标准(有B),宁波1,Block 9(Store Operations Block 9(EAST CHINA 4)),5000,市级商圈,812.0,有,25000,物业内
28,北京悠唐店,小型店,北京1,Block 13(Store Operations Block 13(NORTH CHINA 1)),6000,市级商圈,452.3,有,119204,物业内
30,深圳太阳广场店,大型,深圳2,Block 2(Store Operations Block 2(SOUTH CHINA 2)),8141,市级商圈,928.0,有,45000,临街
31,宁波万达广场店,标准(有B),宁波2,Block 9(Store Operations Block 9(EAST CHINA 4)),5000,市级商圈,1095.2,无,22000,物业内
37,成都IY双楠店,小型店,成都4,Block 11(Store Operations Block 11(SOUTH WEST CHINA 1)),6000,社区商圈,240.0,无,11000,物业内
38,上海大宁店,标准(有B),上海9,Block 7(Store Operations Block 7(EAST CHINA 2)),8500,区级商圈,452.3,有,85000,临街
39,上海陕西北路巴黎春天店,小型店,上海1,Block 6(Store Operations Block 6(EAST CHINA 1)),8500,市级商圈,510.0,有,40000,物业内
40,上海龙之梦店,标准(有B),上海4,Block 6(Store Operations Block 6(EAST CHINA 1)),8500,市级商圈,750.0,有,72000,物业内
41,重庆北城天街店,标准(有B),重庆1,Block 12(Store Operations Block 12(SOUTH WEST CHINA 2)),6996,市级商圈,750.0,有,15000,物业内
42,深圳华强北茂业店,标准(有B),深圳2,Block 2(Store Operations Block 2(SOUTH CHINA 2)),6260,区级商圈,1266.0,有,15000,物业内
45,沈阳中街大悦城店,标准(有B),沈阳1,Block 16(Store Operations Block 16(NORTH EAST CHINA)),3000,市级商圈,621.0,有,17000,临街
46,北京崇文门新世界店,标准(有B),北京1,Block 13(Store Operations Block 13(NORTH CHINA 1)),6906,市级商圈,760.3,有,100000,物业内
47,上海中环百联店,标准(有B),上海3,Block 6(Store Operations Block 6(EAST CHINA 1)),9000,社区商圈,635.0,有,60000,物业内
50,北京华宇店,小型店,北京9,Block 14(Store Operations Block 14(NORTH CHINA 2)),6900,社区商圈,450.0,有,93000,物业内
52,北京欧美汇店,小型店,北京9,Block 14(Store Operations Block 14(NORTH CHINA 2)),6900,市级商圈,543.0,有,80000,物业内
53,天津国际广场店,标准(有B),天津2,Block 14(Store Operations Block 14(NORTH CHINA 2)),5855,区级商圈,1054.0,有,57264,物业内
55,上海永新城店,标准(无童装),上海2,Block 6(Store Operations Block 6(EAST CHINA 1)),8500,区级商圈,490.0,有,8000,临街
56,苏州印象城店,标准(有B),苏州3,Block 8(Store Operations Block 8(EAST CHINA 3)),5000,社区商圈,885.0,有,30000,物业内
57,成都IY建设路店,小型店,成都1,Block 11(Store Operations Block 11(SOUTH WEST CHINA 1)),6700,社区商圈,297.0,无,12000,物业内
59,上海塘桥巴黎春天店,标准(有B),上海11,Block 7(Store Operations Block 7(EAST CHINA 2)),9000,社区商圈,1888.0,有,75000,物业内
61,广州东方宝泰店,标准(有B),广州2,Block 1(Store Operations Block 1(SOUTH CHINA 1)),6000,区级商圈,1184.3,无,70000,物业内
62,上海金桥店,标准(有B),上海8,Block 7(Store Operations Block 7(EAST CHINA 2)),8500,区级商圈,940.0,有,60000,物业内
66,重庆日月光广场店,标准(有B),重庆2,Block 12(Store Operations Block 12(SOUTH WEST CHINA 2)),6000,市级商圈,927.5,有,17000,临街
68,北京十里堡店,小型店,北京４,Block 13(Store Operations Block 13(NORTH CHINA 1)),6906,社区商圈,540.0,有,80000,临街
70,北京望京凯德Mall店,标准(有B),北京２,Block 13(Store Operations Block 13(NORTH CHINA 1)),6000,区级商圈,846.3,有,80000,物业内
71,沈阳中街恒隆广场店,标准(有B),沈阳2,Block 16(Store Operations Block 16(NORTH EAST CHINA)),4000,市级商圈,960.0,无,15000,物业内
72,上海又一城百联店,标准(有B),上海10,Block 7(Store Operations Block 7(EAST CHINA 2)),8500,市级商圈,781.0,有,100000,临街
73,南京德基广场店,标准(有B),南京5,Block 10(Store Operations Block 10(EAST CHINA 5)),6487,市级商圈,881.4,有,40000,物业内
75,上海凯德七宝购物广场店,标准(有B),上海6,Block 6(Store Operations Block 6(EAST CHINA 1)),8500,区级商圈,1234.0,有,54400,临街
77,上海浦东金谊广场店,标准(有B),上海12,Block 7(Store Operations Block 7(EAST CHINA 2)),9000,社区商圈,825.9,有,100000,物业内
78,深圳万象城店,大型,深圳2,Block 2(Store Operations Block 2(SOUTH CHINA 2)),8516,市级商圈,1003.0,有,40000,物业内
79,成都凯德广场新南店,标准(有B),成都2,Block 11(Store Operations Block 11(SOUTH WEST CHINA 1)),5000,市级商圈,1364.4,有,9500,物业内
80,宁波世纪东方店,标准(有B),宁波2,Block 9(Store Operations Block 9(EAST CHINA 4)),7125,社区商圈,1208.0,有,16000,临街
82,上海莲花国际广场店,大型,上海5,Block 6(Store Operations Block 6(EAST CHINA 1)),8500,社区商圈,1046.6,有,80000,临街
85,广州高德广场店,标准(有B),广州5,Block 1(Store Operations Block 1(SOUTH CHINA 1)),6000,市级商圈,1354.9,无,39600,物业内
86,宝山巴黎春天店,标准(有B),上海9,Block 7(Store Operations Block 7(EAST CHINA 2)),8500,区级商圈,980.4,有,50000,临街
87,成山路巴黎春天店,标准(有B),上海12,Block 7(Store Operations Block 7(EAST CHINA 2)),8000,社区商圈,1369.7,有,60000,临街
88,上海南京西路店,超大型,上海1,Block 6(Store Operations Block 6(EAST CHINA 1)),9000,市级商圈,3213.17,有,170000,临街
89,郑州国贸360广场店,大型,郑州1,Block 18(Store Operations Block 18(NORTH WEST CHINA 2)),5884,市级商圈,1528.8,有,14814,物业内
91,北京龙德广场店,大型,北京３,Block 13(Store Operations Block 13(NORTH CHINA 1)),6900,社区商圈,1946.0,有,30000,临街
93,青岛新业广场店,标准(有B),青岛1,Block 15(Store Operations Block 15(SHANDONG)),6000,社区商圈,1167.9,有,18000,临街
95,上海大悦城店,标准(有B),上海4,Block 6(Store Operations Block 6(EAST CHINA 1)),9000,市级商圈,901.0,有,90000,物业内
96,上海江桥万达广场店,标准(有B),上海3,Block 6(Store Operations Block 6(EAST CHINA 1)),9000,社区商圈,1454.0,有,45000,物业内
97,深圳花园城店,标准(有B),深圳4,Block 2(Store Operations Block 2(SOUTH CHINA 2)),8141,市级商圈,831.0,无,50000,临街
98,北京新业广场店,标准(有B),北京７,Block 13(Store Operations Block 13(NORTH CHINA 1)),6900,社区商圈,1120.0,有,60000,临街
99,上海我格广场店,标准(有B),上海1,Block 6(Store Operations Block 6(EAST CHINA 1)),9000,区级商圈,803.4,有,40000,物业内
100,深圳AEON新洲店,标准(有B),深圳3,Block 2(Store Operations Block 2(SOUTH CHINA 2)),8351,社区商圈,1013.6,有,37793,物业内
101,镇江万达广场店,标准(有B),常州,Block 8(Store Operations Block 8(EAST CHINA 3)),2800,区级商圈,1525.0,无,8000,临街
102,济南恒隆广场店,大型,济南1,Block 15(Store Operations Block 15(SHANDONG)),4000,市级商圈,1532.8,无,20000,物业内
103,广州太古汇店,大型,广州4,Block 1(Store Operations Block 1(SOUTH CHINA 1)),6830,市级商圈,1500.0,有,45000,物业内
105,厦门湖里万达广场店,标准(有B),福建1,Block 3(Store Operations Block 3(SOUTH CHINA 3)),5000,区级商圈,1511.6,无,20000,物业内
106,济南和谐广场店,标准(有B),济南3,Block 15(Store Operations Block 15(SHANDONG)),7500,市级商圈,1675.0,无,10500,临街
107,唐山万达广场店,标准(有B),天津1,Block 14(Store Operations Block 14(NORTH CHINA 2)),4000,市级商圈,1470.9,无,9000,物业内
108,石家庄万达广场店,标准(有B),石家庄2,Block 18(Store Operations Block 18(NORTH WEST CHINA 2)),4000,社区商圈,1154.1,无,20000,物业内
109,苏州泉屋百货店,标准(有B),苏州2,Block 8(Store Operations Block 8(EAST CHINA 3)),6000,市级商圈,1703.0,有,25000,物业内
110,武汉国际广场店,标准(有B),武汉3,Block 5(Store Operations Block 5(CENTRAL CHINA)),5900,市级商圈,972.8,有,20000,物业内
111,武汉汉街店,标准(有B),武汉1,Block 5(Store Operations Block 5(CENTRAL CHINA)),6050,市级商圈,1264.6,有,30000,临街
113,苏州天虹CCMall石路店,标准(有B),苏州4,Block 8(Store Operations Block 8(EAST CHINA 3)),5000,区级商圈,1611.42,有,16000,临街
117,济宁永旺店,标准(有B),济南2,Block 15(Store Operations Block 15(SHANDONG)),6000,区级商圈,966.5,无,5000,物业内
118,郑州中原万达广场店,标准(有B),郑州2,Block 18(Store Operations Block 18(NORTH WEST CHINA 2)),5800,区级商圈,1305.4,有,9000,物业内
119,廊坊万达广场店,标准(有B),北京５,Block 13(Store Operations Block 13(NORTH CHINA 1)),4366,市级商圈,1322.77,无,30000,临街
120,上海宝山万达广场,标准(有B),上海9,Block 7(Store Operations Block 7(EAST CHINA 2)),9000,社区商圈,971.0,有,44500,物业内
122,武汉销品茂店,大型,武汉5,Block 5(Store Operations Block 5(CENTRAL CHINA)),5000,市级商圈,1666.9,有,23000,物业内
123,武汉亚贸广场店,标准(有B),武汉2,Block 5(Store Operations Block 5(CENTRAL CHINA)),6050,市级商圈,1095.1,有,20000,临街
125,重庆星光时代广场店,标准(有B),重庆2,Block 12(Store Operations Block 12(SOUTH WEST CHINA 2)),6362,区级商圈,1445.5,有,10000,物业内
126,厦门SM广场店,大型,福建1,Block 3(Store Operations Block 3(SOUTH CHINA 3)),7000,区级商圈,1637.8,无,40000,物业内
128,上海百联金山店,标准(有B),上海13,Block 7(Store Operations Block 7(EAST CHINA 2)),9000,社区商圈,921.8,有,30000,临街
129,天津水游城店,标准(有B),天津2,Block 14(Store Operations Block 14(NORTH CHINA 2)),5855,社区商圈,1129.5,有,28000,临街
130,厦门加州商业广场店,标准(有B),福建1,Block 3(Store Operations Block 3(SOUTH CHINA 3)),6000,社区商圈,1492.7,有,45931,临街
131,上海南桥百联店,标准(有B),上海5,Block 6(Store Operations Block 6(EAST CHINA 1)),9000,区级商圈,827.6,有,40000,物业内
132,佛山印象城店,标准(有B),佛山3,Block 1(Store Operations Block 1(SOUTH CHINA 1)),4360,区级商圈,1508.5,有,1000,物业内
133,天津凯德MALL天津湾店,标准(有B),天津2,Block 14(Store Operations Block 14(NORTH CHINA 2)),5855,社区商圈,1131.5,无,30000,物业内
135,北京凯德晶品购物中心店,标准(有B),北京11,Block 14(Store Operations Block 14(NORTH CHINA 2)),6500,市级商圈,1084.4,有,100000,物业内
137,北京凤凰汇店,标准(有B),北京２,Block 13(Store Operations Block 13(NORTH CHINA 1)),6900,区级商圈,1571.5,有,100000,物业内
138,南通中南城店,标准(有B),南通,Block 8(Store Operations Block 8(EAST CHINA 3)),5200,市级商圈,1747.7,无,12000,临街
140,苏州欧尚店,标准(有B),苏州3,Block 8(Store Operations Block 8(EAST CHINA 3)),5000,区级商圈,959.1,有,40000,物业内
142,北京石景山万达广场店,大型,北京11,Block 14(Store Operations Block 14(NORTH CHINA 2)),6900,社区商圈,1279.0,有,45000,临街
143,重庆大洋百货店,标准(有B),重庆2,Block 12(Store Operations Block 12(SOUTH WEST CHINA 2)),6000,区级商圈,1181.9,有,9000,物业内
145,深圳福田COCOPARK店,大型,深圳2,Block 2(Store Operations Block 2(SOUTH CHINA 2)),8000,市级商圈,1171.4,有,70000,物业内
146,北京銀泰店,标准(有B),北京５,Block 13(Store Operations Block 13(NORTH CHINA 1)),6900,社区商圈,774.3,有,50000,物业内
147,天津中北永旺店,标准(有B),天津3,Block 14(Store Operations Block 14(NORTH CHINA 2)),6000,社区商圈,1802.3,有,20000,物业内
148,北京东直门银座店,标准(有B),北京1,Block 13(Store Operations Block 13(NORTH CHINA 1)),6906,社区商圈,1026.1,有,60000,物业内
149,昆明百大新天地店,大型,昆明1,Block 12(Store Operations Block 12(SOUTH WEST CHINA 2)),4630,市级商圈,1697.0,有,15000,物业内
150,昆明南亚风情第一城店,标准(有B),昆明2,Block 12(Store Operations Block 12(SOUTH WEST CHINA 2)),4630,社区商圈,1355.7,无,13000,物业内
151,绍兴柯桥万达广场店,标准(有B),绍兴,Block 9(Store Operations Block 9(EAST CHINA 4)),4200,社区商圈,877.9,无,8000,临街
152,长沙悦方ID-MALL店,大型,长沙1,Block 4(Store Operations Block 4(SOUTH CHINA 4)),3907,市级商圈,1499.4,有,22000,临街
153,苏州圆融时代广场店,大型,苏州1,Block 8(Store Operations Block 8(EAST CHINA 3)),4755,市级商圈,1764.9,有,40000,临街
155,常州吾悦广场,标准(有B),常州,Block 8(Store Operations Block 8(EAST CHINA 3)),5600,区级商圈,989.0,有,9369,临街
156,太原Fbc主题商场店,标准(有B),太原2,Block 17(Store Operations Block 17(NORTH WEST CHINA 1)),2600,市级商圈,1514.0,无,9324,临街
160,上海宜山路光启城店,标准(有B),上海2,Block 6(Store Operations Block 6(EAST CHINA 1)),8000,市级商圈,1192.3,有,55000,物业内
161,中山利和广场店,标准(有B),中山,Block 3(Store Operations Block 3(SOUTH CHINA 3)),5050,市级商圈,1310.5,无,8000,物业内
162,杭州银泰百货庆春店,标准(有B),杭州1,Block 9(Store Operations Block 9(EAST CHINA 4)),7267,社区商圈,986.0,有,23000,物业内
165,上海安亭嘉亭荟店,标准(有B),上海7,Block 6(Store Operations Block 6(EAST CHINA 1)),8000,区级商圈,1279.0,有,20000,物业内
166,西安开元商城店,大型,西安3,Block 17(Store Operations Block 17(NORTH WEST CHINA 1)),4900,市级商圈,1453.0,有,12000,临街
167,合肥天鹅湖万达广场店,标准(有B),安徽1,Block 10(Store Operations Block 10(EAST CHINA 5)),6000,区级商圈,1266.5,无,12000,物业内
168,北京蓝色港湾店,标准(有B),北京２,Block 13(Store Operations Block 13(NORTH CHINA 1)),6900,区级商圈,870.3,有,5481,物业内
171,武汉光谷国际广场店,标准(有B),武汉4,Block 5(Store Operations Block 5(CENTRAL CHINA)),5000,市级商圈,1142.0,有,12500,物业内
172,成都SM广场店,标准(有B),成都1,Block 11(Store Operations Block 11(SOUTH WEST CHINA 1)),6700,区级商圈,1833.2,无,13000,物业内
173,深圳龙岗COCOPARK店,标准(有B),深圳1,Block 2(Store Operations Block 2(SOUTH CHINA 2)),7000,市级商圈,1220.9,有,45000,临街
175,上海大拇指广场店,标准(有B),上海8,Block 7(Store Operations Block 7(EAST CHINA 2)),8000,区级商圈,680.0,有,90000,临街
176,上海打浦桥日月光中心店,大型,上海2,Block 6(Store Operations Block 6(EAST CHINA 1)),6000,市级商圈,1066.6,有,96023,物业内
177,惠州东平永旺购物中心店,标准(有B),东莞2,Block 2(Store Operations Block 2(SOUTH CHINA 2)),4500,市级商圈,1113.0,无,13000,物业内
178,晋江万达广场店,标准(有B),福建4,Block 3(Store Operations Block 3(SOUTH CHINA 3)),5000,市级商圈,894.0,无,9000,物业内
179,南昌红谷滩万达广场店,标准(有B),南昌1,Block 5(Store Operations Block 5(CENTRAL CHINA)),4300,区级商圈,1388.0,有,10000,临街
180,沈阳北一路万达广场店,标准(有B),沈阳2,Block 16(Store Operations Block 16(NORTH EAST CHINA)),5200,社区商圈,1060.0,无,10000,物业内
181,杭州萧山LSE城市生活广场店,标准(有B),杭州2,Block 9(Store Operations Block 9(EAST CHINA 4)),5000,社区商圈,919.7,有,19000,物业内
182,北京西直门凯德Mall店,大型,北京9,Block 14(Store Operations Block 14(NORTH CHINA 2)),6900,区级商圈,1486.0,有,100000,物业内
183,沈阳市府恒隆广场店,小型店,大连2,Block 16(Store Operations Block 16(NORTH EAST CHINA)),4200,区级商圈,840.0,有,10000,物业内
185,江阴万达广场店,标准(有B),无锡,Block 8(Store Operations Block 8(EAST CHINA 3)),4000,社区商圈,1063.2,无,10000,物业内
186,南京虹悦城店,标准(有B),南京2,Block 10(Store Operations Block 10(EAST CHINA 5)),6000,区级商圈,1194.0,有,26000,临街
187,南京江宁欧尚店,标准(有B),南京3,Block 10(Store Operations Block 10(EAST CHINA 5)),4580,区级商圈,994.66,有,25000,临街
188,泉州浦西万达广场店,标准(有B),福建4,Block 3(Store Operations Block 3(SOUTH CHINA 3)),9000,市级商圈,1165.0,无,14000,物业内
189,天津银河国际购物中心店,大型,天津1,Block 14(Store Operations Block 14(NORTH CHINA 2)),5855,区级商圈,1625.2,有,36700,物业内
192,深圳海雅缤纷城店,标准(有B),深圳4,Block 2(Store Operations Block 2(SOUTH CHINA 2)),8100,区级商圈,1021.6,有,45000,物业内
193,上海中冶祥腾城市广场店,标准(有B),上海7,Block 6(Store Operations Block 6(EAST CHINA 1)),8000,社区商圈,282.0,有,50000,物业内
195,佛山顺德印象城店,标准(有B),佛山1,Block 1(Store Operations Block 1(SOUTH CHINA 1)),5200,区级商圈,1317.5,无,20000,物业内
196,武汉武胜凯德广场店,标准(有B),武汉2,Block 5(Store Operations Block 5(CENTRAL CHINA)),2400,社区商圈,1044.5,有,20000,物业内
197,上海月星环球港店,大型,上海3,Block 6(Store Operations Block 6(EAST CHINA 1)),8000,区级商圈,1128.1,有,80000,物业内
199,东莞长安万达广场店,标准(有B),东莞1,Block 2(Store Operations Block 2(SOUTH CHINA 2)),3000,区级商圈,930.5,无,28000,临街
200,贵阳鸿通城购物中心店,标准(有B),贵阳,Block 11(Store Operations Block 11(SOUTH WEST CHINA 1)),4688,社区商圈,2136.9,无,5474,临街
201,重庆财富购物中心店,标准(有B),重庆1,Block 12(Store Operations Block 12(SOUTH WEST CHINA 2)),6300,社区商圈,853.0,有,10000,物业内
202,合肥之心城店,标准(有B),安徽2,Block 10(Store Operations Block 10(EAST CHINA 5)),6379,市级商圈,1290.0,建设中,13000,物业内
203,石家庄勒泰中心店,标准(有B),石家庄1,Block 18(Store Operations Block 18(NORTH WEST CHINA 2)),4000,区级商圈,1107.5,无,20000,物业内
205,南宁万象城店,大型,南宁,Block 4(Store Operations Block 4(SOUTH CHINA 4)),3000,市级商圈,1603.5,有,10000,物业内
206,芜湖镜湖万达广场店,标准(有B),南京4,Block 10(Store Operations Block 10(EAST CHINA 5)),3500,区级商圈,1203.0,无,7000,物业内
207,北京朝阳大悦城店,大型,北京４,Block 13(Store Operations Block 13(NORTH CHINA 1)),6900,社区商圈,#NULL,有,75000,物业内
208,北京顺义新世界百货店,标准(有B),北京３,Block 13(Store Operations Block 13(NORTH CHINA 1)),6900,区级商圈,979.3,无,50000,临街
209,郑州新世界百货店,标准(有B),郑州4,Block 18(Store Operations Block 18(NORTH WEST CHINA 2)),,,1041.0,,,
210,佛山南海保利水城店,标准(有B),佛山2,Block 1(Store Operations Block 1(SOUTH CHINA 1)),4360,区级商圈,812.5,有,16000,物业内
213,郑州二七万达广场店,标准(有B),郑州1,Block 18(Store Operations Block 18(NORTH WEST CHINA 2)),5000,社区商圈,1216.7,有,15000,物业内
215,昆明欣都龙城VCpark,标准(有B),昆明3,Block 12(Store Operations Block 12(SOUTH WEST CHINA 2)),4630,社区商圈,741.0,有,9210,物业内
216,深圳宝能allcity店,标准(有B),深圳4,Block 2(Store Operations Block 2(SOUTH CHINA 2)),8315,区级商圈,862.0,有,100000,临街
217,温州龙湾万达广场店,标准(有B),温州,Block 9(Store Operations Block 9(EAST CHINA 4)),3083,区级商圈,1356.0,无,12000,物业内
218,上海船厂路正大乐城店,标准(有B),上海2,Block 6(Store Operations Block 6(EAST CHINA 1)),9000,区级商圈,900.3,有,45000,临街
219,莆田万达广场店,标准(有B),福建3,Block 3(Store Operations Block 3(SOUTH CHINA 3)),4000,市级商圈,1263.3,无,12000,物业内
220,绵阳涪城万达广场店,标准(有B),成都6,Block 11(Store Operations Block 11(SOUTH WEST CHINA 1)),3200,社区商圈,1342.5,无,5000,物业内
221,成都金牛万达广场店,标准(有B),成都6,Block 11(Store Operations Block 11(SOUTH WEST CHINA 1)),6000,市级商圈,1431.8,有,9500,临街
222,宁波印象城店,标准(有B),宁波2,Block 9(Store Operations Block 9(EAST CHINA 4)),7000,区级商圈,1223.7,无,17000,物业内
223,太仓万达广场店,标准(有B),苏州1,Block 8(Store Operations Block 8(EAST CHINA 3)),4500,社区商圈,1234.0,无,12000,物业内
225,合肥欢乐颂店,标准(有B),安徽2,Block 10(Store Operations Block 10(EAST CHINA 5)),7570,社区商圈,1127.0,无,12000,临街
227,重庆SM广场店,标准(有B),重庆1,Block 12(Store Operations Block 12(SOUTH WEST CHINA 2)),6000,社区商圈,665.8,有,10000,物业内
228,珠海国贸购物广场店,标准(有B),珠海,Block 3(Store Operations Block 3(SOUTH CHINA 3)),3710,市级商圈,1230.0,无,18000,物业内
229,北京金源新燕莎Mall店,标准(有B),北京10,Block 14(Store Operations Block 14(NORTH CHINA 2)),7000,区级商圈,871.8,有,80000,物业内
230,郑州锦艺城店,标准(有B),郑州1,Block 18(Store Operations Block 18(NORTH WEST CHINA 2)),6000,社区商圈,710.3,有,11500,临街
231,北京新华百货店,标准(有B),北京６,Block 13(Store Operations Block 13(NORTH CHINA 1)),6900,市级商圈,641.6,有,120000,物业内
232,上海周浦万达广场店,大型,上海12,Block 7(Store Operations Block 7(EAST CHINA 2)),8000,社区商圈,1280.0,有,10000,临街
233,保定万博广场店,标准(有B),石家庄1,Block 18(Store Operations Block 18(NORTH WEST CHINA 2)),3000,社区商圈,1255.3,无,10000,物业内
235,常州正方京城店,标准(有B),常州,Block 8(Store Operations Block 8(EAST CHINA 3)),6000,市级商圈,995.3,无,8000,临街
236,昆明七彩俊园店,标准(有B),昆明1,Block 12(Store Operations Block 12(SOUTH WEST CHINA 2)),4630,社区商圈,1087.4,有,10000,物业内
237,成都新世紀环球中心,标准(有B),成都3,Block 11(Store Operations Block 11(SOUTH WEST CHINA 1)),6151,区级商圈,1120.0,有,9400,物业内
238,杭州西溪印象城店,标准(有B),杭州4,Block 9(Store Operations Block 9(EAST CHINA 4)),6500,社区商圈,783.0,无,28000,物业内
239,西安凯德广场新地城店,标准(有B),西安3,Block 17(Store Operations Block 17(NORTH WEST CHINA 1)),4000,社区商圈,991.8,无,8000,物业内
240,深圳绿景佐阾香颂购物中心店,标准(有B),深圳6,Block 2(Store Operations Block 2(SOUTH CHINA 2)),8141,社区商圈,1020.9,有,80000,物业内
241,长沙奥克斯广场店,标准(有B),长沙2,Block 4(Store Operations Block 4(SOUTH CHINA 4)),6186,区级商圈,899.6,无,7559,临街
242,上海长泰广场店,标准(有B),上海12,Block 7(Store Operations Block 7(EAST CHINA 2)),8000,区级商圈,884.0,有,30000,临街
245,北京远洋未来广场店,标准(有B),北京２,Block 13(Store Operations Block 13(NORTH CHINA 1)),6900,市级商圈,1032.0,有,40000,物业内
246,佛山乐从天佑城店,标准(有B),佛山1,Block 1(Store Operations Block 1(SOUTH CHINA 1)),4100,区级商圈,714.7,无,10000,物业内
248,北京通州阳光新生活广场店,标准(有B),北京４,Block 13(Store Operations Block 13(NORTH CHINA 1)),6900,社区商圈,747.8,有,80000,物业内
249,青岛伟东乐客城店,标准(有B),烟台,Block 15(Store Operations Block 15(SHANDONG)),5743,市级商圈,879.0,有,9000,物业内
250,长沙喜盈门范城店,标准(有B),长沙3,Block 4(Store Operations Block 4(SOUTH CHINA 4)),6000,社区商圈,1000.0,无,10000,物业内
251,广州花都来又来购物广场店,标准(有B),广州4,Block 1(Store Operations Block 1(SOUTH CHINA 1)),6000,区级商圈,931.0,无,12000,物业内
252,武汉奥山世纪城店,标准(有B),武汉5,Block 5(Store Operations Block 5(CENTRAL CHINA)),5000,社区商圈,820.0,无,18000,物业内
253,大连高新万达广场店,标准(有B),大连2,Block 16(Store Operations Block 16(NORTH EAST CHINA)),4500,区级商圈,1145.2,无,15000,物业内
255,北京常营华联店,标准(有B),北京４,Block 13(Store Operations Block 13(NORTH CHINA 1)),6900,区级商圈,1127.0,有,40000,物业内
256,北京上地华联店,标准(有B),北京10,Block 14(Store Operations Block 14(NORTH CHINA 2)),6900,社区商圈,979.0,有,90000,物业内
257,威海威高购物中心店,标准(有B),青岛1,Block 15(Store Operations Block 15(SHANDONG)),3500,市级商圈,725.0,无,7200,物业内
258,上海四川北路中信广场店,标准(有B),上海4,Block 6(Store Operations Block 6(EAST CHINA 1)),9000,社区商圈,924.4,有,100000,临街
259,成都金牛凯德广场店,标准(有B),成都6,Block 11(Store Operations Block 11(SOUTH WEST CHINA 1)),6150,区级商圈,5292.7,有,10000,物业内
260,上海中山公园兆丰广场,大型,上海4,Block 6(Store Operations Block 6(EAST CHINA 1)),9000,区级商圈,1532.0,有,6500,临街
261,宜兴万达广场店,标准(有B),南京5,Block 10(Store Operations Block 10(EAST CHINA 5)),3500,社区商圈,974.7,无,8800,物业内
262,抚顺万达广场店,标准(有B),沈阳1,Block 16(Store Operations Block 16(NORTH EAST CHINA)),4000,社区商圈,1046.0,无,6000,物业内
263,无锡惠山万达广场店,标准(有B),无锡,Block 8(Store Operations Block 8(EAST CHINA 3)),4500,区级商圈,621.0,无,9000,物业内
265,沈阳奥体万达广场店,标准(有B),沈阳2,Block 16(Store Operations Block 16(NORTH EAST CHINA)),4500,区级商圈,999.0,有,9500,物业内
266,长春宽城万达广场店,标准(有B),长春,Block 16(Store Operations Block 16(NORTH EAST CHINA)),5300,区级商圈,1456.0,无,7000,物业内
267,重庆沙坪坝印象汇店,标准(有B),重庆3,Block 12(Store Operations Block 12(SOUTH WEST CHINA 2)),6000,市级商圈,779.0,有,18000,物业内
270,广州乐峰广场店,标准(有B),广州3,Block 1(Store Operations Block 1(SOUTH CHINA 1)),6000,区级商圈,823.0,有,40000,临街
271,无锡恒隆广场店,标准(有B),无锡,Block 8(Store Operations Block 8(EAST CHINA 3)),6800,市级商圈,877.0,有,25000,物业内
272,福州五四北泰禾广场店,标准(有B),福建3,Block 3(Store Operations Block 3(SOUTH CHINA 3)),6121,社区商圈,1083.0,有,9800,物业内
273,天津梅江永旺梦乐城店,标准(有B),天津3,Block 14(Store Operations Block 14(NORTH CHINA 2)),6000,社区商圈,736.6,无,12000,物业内
275,成都国际金融中心店,大型,成都4,Block 11(Store Operations Block 11(SOUTH WEST CHINA 1)),4800,市级商圈,1392.0,有,30000,物业内
276,南京印象汇店,标准(有B),南京3,Block 10(Store Operations Block 10(EAST CHINA 5)),6000,区级商圈,920.0,有,20000,临街
277,西安赛高世纪金花店,标准(有B),西安3,Block 17(Store Operations Block 17(NORTH WEST CHINA 1)),4203,社区商圈,1007.7,有,6816,临街
278,芜湖苏宁广场店,标准(有B),南京4,Block 10(Store Operations Block 10(EAST CHINA 5)),5500,市级商圈,1096.0,无,10000,物业内
279,济南环宇城购物中心店,标准(有B),济南1,Block 15(Store Operations Block 15(SHANDONG)),4213,社区商圈,878.0,无,16000,物业内
280,北京昌平悦荟万科广场店,标准(有B),北京10,Block 14(Store Operations Block 14(NORTH CHINA 2)),6900,区级商圈,1018.0,有,35000,物业内
281,成都城南优品道广场店,标准(有B),成都2,Block 11(Store Operations Block 11(SOUTH WEST CHINA 1)),3800,社区商圈,950.0,无,7000,物业内
282,南京建邺万达广场店,大型,南京1,Block 10(Store Operations Block 10(EAST CHINA 5)),5000,社区商圈,1777.0,有,45000,物业内
283,武汉摩尔城店,标准(有B),武汉1,Block 5(Store Operations Block 5(CENTRAL CHINA)),5000,区级商圈,1012.0,有,10000,物业内
285,成都阳光新业广场店,标准(有B),成都3,Block 11(Store Operations Block 11(SOUTH WEST CHINA 1)),6151,社区商圈,897.7,有,13000,物业内
286,洛阳建业凯旋广场店,标准(有B),郑州3,Block 18(Store Operations Block 18(NORTH WEST CHINA 2)),3800,区级商圈,713.7,无,7000,物业内
287,广州番禹永旺梦乐城店,标准(有B),广州3,Block 1(Store Operations Block 1(SOUTH CHINA 1)),6830,区级商圈,904.8,有,20000,物业内
288,上海虹桥南丰城店,标准(有B),上海4,Block 6(Store Operations Block 6(EAST CHINA 1)),9000,社区商圈,741.2,有,80000,物业内
289,杭州城西银泰城店,标准(有B),杭州3,Block 9(Store Operations Block 9(EAST CHINA 4)),7000,社区商圈,865.0,有,27000,物业内
290,宜昌万达广场店,标准(有B),武汉3,Block 5(Store Operations Block 5(CENTRAL CHINA)),4247,市级商圈,1014.5,无,11000,物业内
291,深圳龙岗万科广场店,标准(有B),深圳1,Block 2(Store Operations Block 2(SOUTH CHINA 2)),5000,社区商圈,885.0,有,50000,物业内
292,长沙雨花亭凯德广场店,标准(有B),长沙3,Block 4(Store Operations Block 4(SOUTH CHINA 4)),6000,社区商圈,896.5,无,10000,物业内
295,广州维多利广场店,超大型,广州1,Block 1(Store Operations Block 1(SOUTH CHINA 1)),6250,市级商圈,5292.7,有,50000,临街
296,长春红旗街万达广场店,标准(有B),长春,Block 16(Store Operations Block 16(NORTH EAST CHINA)),6200,市级商圈,1044.0,无,10000,物业内
297,长春欧亚卖场店,标准(有B),哈尔滨1,Block 16(Store Operations Block 16(NORTH EAST CHINA)),3000,市级商圈,815.0,有,8500,物业内
298,厦门集美万达广场店,标准(有B),福建1,Block 3(Store Operations Block 3(SOUTH CHINA 3)),6886,市级商圈,973.0,无,23333,物业内
299,哈尔滨埃德蒙顿凯德广场店,小型店,哈尔滨2,Block 16(Store Operations Block 16(NORTH EAST CHINA)),2784,社区商圈,609.9,无,10000,物业内
300,哈尔滨哈西万达广场店,标准(有B),哈尔滨2,Block 16(Store Operations Block 16(NORTH EAST CHINA)),3500,社区商圈,876.0,有,12000,物业内
302,珠海华发商都店,标准(有B),珠海,Block 3(Store Operations Block 3(SOUTH CHINA 3)),4200,市级商圈,739.6,无,32000,物业内
303,南昌恒茂梦时代国际广场,标准(有B),南昌2,Block 5(Store Operations Block 5(CENTRAL CHINA)),5000,区级商圈,1251.0,有,18000,临街
305,金华永盛购物中心店,标准(有B),金华,Block 9(Store Operations Block 9(EAST CHINA 4)),4436,市级商圈,1019.0,无,7000,临街
306,西安大明宫万达广场店,标准(有B),西安3,Block 17(Store Operations Block 17(NORTH WEST CHINA 1)),5000,社区商圈,776.4,建设中,8000,物业内
308,哈尔滨香坊万达广场店,标准(有B),哈尔滨2,Block 16(Store Operations Block 16(NORTH EAST CHINA)),,,932.8,,,
309,西安赛格国际购物中心店,大型,西安1,Block 17(Store Operations Block 17(NORTH WEST CHINA 1)),5700,区级商圈,1337.0,有,10000,物业内
310,哈尔滨中央大街店,标准(有B),哈尔滨1,Block 16(Store Operations Block 16(NORTH EAST CHINA)),4500,市级商圈,926.1,有,10000,临街
311,余姚万达广场店,标准(有B),宁波2,Block 9(Store Operations Block 9(EAST CHINA 4)),4000,区级商圈,594.0,无,13000,物业内
315,北京万柳华联购物中心店,标准(有B),北京11,Block 14(Store Operations Block 14(NORTH CHINA 2)),6900,市级商圈,840.0,有,60000,物业内
316,襄阳万达广场店,标准(有B),武汉2,Block 5(Store Operations Block 5(CENTRAL CHINA)),3000,区级商圈,783.0,无,10000,物业内
317,珠海扬名广场店,标准(有B),珠海,Block 3(Store Operations Block 3(SOUTH CHINA 3)),3710,市级商圈,947.0,无,22000,物业内
318,广州番禺万达广场店,标准(有B),广州3,Block 1(Store Operations Block 1(SOUTH CHINA 1)),6000,市级商圈,822.7,有,12000,物业内
319,徐州云龙万达广场店,标准(有B),苏北,Block 10(Store Operations Block 10(EAST CHINA 5)),2000,区级商圈,782.0,有,9000,物业内
320,济南世茂国际广场店,标准(有B),济南1,Block 15(Store Operations Block 15(SHANDONG)),5800,市级商圈,1142.0,无,14000,临街
321,深圳天虹购物中心店,标准(有B),深圳5,Block 2(Store Operations Block 2(SOUTH CHINA 2)),8200,区级商圈,856.6,无,50000,物业内
322,广州太阳新天地店,标准(有B),广州4,Block 1(Store Operations Block 1(SOUTH CHINA 1)),6000,区级商圈,672.7,有,28000,物业内
323,北京天通苑华联店,标准(有B),北京３,Block 13(Store Operations Block 13(NORTH CHINA 1)),6900,社区商圈,1153.5,有,40000,物业内
326,成都天府广场今站购物中心店,标准(有B),成都1,Block 11(Store Operations Block 11(SOUTH WEST CHINA 1)),5580,市级商圈,1169.0,有,20000,物业内
327,东莞莱蒙商业中心店,标准(有B),东莞2,Block 2(Store Operations Block 2(SOUTH CHINA 2)),5000,市级商圈,632.0,无,18000,物业内
329,烟台大悦城店,标准(有B),烟台,Block 15(Store Operations Block 15(SHANDONG)),4200,市级商圈,806.2,无,8200,物业内
330,无锡荟聚云林购物中心店,标准(有B),无锡,Block 8(Store Operations Block 8(EAST CHINA 3)),4500,区级商圈,570.0,有,14000,物业内
332,武汉南国西汇城市广场店,标准(有B),武汉3,Block 5(Store Operations Block 5(CENTRAL CHINA)),5000,社区商圈,807.5,有,13000,物业内
335,北京喜隆多新国际购物中心店,标准(有B),北京11,Block 14(Store Operations Block 14(NORTH CHINA 2)),6900,社区商圈,870.8,有,50000,物业内
336,北京良乡华冠购物中心店,标准(有B),北京8,Block 13(Store Operations Block 13(NORTH CHINA 1)),6900,社区商圈,813.4,有,18000,物业内
338,佛山顺德天佑城店,标准(有B),佛山1,Block 1(Store Operations Block 1(SOUTH CHINA 1)),5000,社区商圈,800.4,无,12000,物业内
339,临沂和谐广场店,标准(有B),青岛2,Block 15(Store Operations Block 15(SHANDONG)),3510,区级商圈,791.7,无,10000,物业内
341,上海世博源店,标准(有B),上海11,Block 7(Store Operations Block 7(EAST CHINA 2)),8000,市级商圈,878.0,有,60000,物业内
343,盐城中南城购物中心店,标准(有B),扬州,Block 8(Store Operations Block 8(EAST CHINA 3)),3000,区级商圈,1020.0,无,12000,物业内
345,上海星空广场店,标准(有B),上海3,Block 6(Store Operations Block 6(EAST CHINA 1)),8000,社区商圈,1116.4,有,70000,临街
346,丹东万达广场店,标准(有B),沈阳2,Block 16(Store Operations Block 16(NORTH EAST CHINA)),3000,市级商圈,1060.0,无,7000,物业内
347,广州増城万达广场店,标准(有B),广州1,Block 1(Store Operations Block 1(SOUTH CHINA 1)),6000,区级商圈,810.0,有,20000,物业内
348,潍坊万达广场店,标准(有B),济南3,Block 15(Store Operations Block 15(SHANDONG)),4000,市级商圈,681.0,无,5000,物业内
349,上海松江万达广场店,标准(有B),上海13,Block 7(Store Operations Block 7(EAST CHINA 2)),8000,社区商圈,1352.3,无,40000,物业内
350,济宁太白路万达广场店,标准(有B),济南2,Block 15(Store Operations Block 15(SHANDONG)),3400,市级商圈,845.5,无,8000,临街
351,银川西夏万达广场店,标准(有B),西宁,Block 17(Store Operations Block 17(NORTH WEST CHINA 1)),3000,社区商圈,722.1,无,4000,物业内
352,金华万达广场店,标准(有B),金华,Block 9(Store Operations Block 9(EAST CHINA 4)),4436,市级商圈,892.0,无,18000,物业内
353,佛山南海万达广场店,标准(有B),佛山2,Block 1(Store Operations Block 1(SOUTH CHINA 1)),5500,市级商圈,815.9,有,26000,物业内
355,苏州吴中永旺梦乐城店,标准(有B),苏州4,Block 8(Store Operations Block 8(EAST CHINA 3)),5449,社区商圈,759.0,无,36289,物业内
356,泉州中骏世界城店,标准(有B),福建4,Block 3(Store Operations Block 3(SOUTH CHINA 3)),308000,区级商圈,921.0,无,15000,物业内
357,湖州东吴银泰城店,标准(有B),杭州3,Block 9(Store Operations Block 9(EAST CHINA 4)),4000,区级商圈,749.0,有,4000,物业内
358,温岭银泰城店,标准(有B),宁波1,Block 9(Store Operations Block 9(EAST CHINA 4)),4220,区级商圈,638.0,无,20000,物业内
360,北京华联力宝购物中心店,标准(有B),北京７,Block 13(Store Operations Block 13(NORTH CHINA 1)),6900,社区商圈,714.8,有,46000,物业内
361,天津远洋未来广场店,标准(有B),天津1,Block 14(Store Operations Block 14(NORTH CHINA 2)),5800,市级商圈,865.8,无,57264,物业内
363,哈尔滨乐松广场店,标准(有B),哈尔滨1,Block 16(Store Operations Block 16(NORTH EAST CHINA)),5728,社区商圈,856.6,无,10000,临街
365,呼和浩特维多利时代城店,大型,内蒙古,Block 14(Store Operations Block 14(NORTH CHINA 2)),2650,市级商圈,1952.8,无,7000,临街
366,中山假日广场店,标准(有B),中山,Block 3(Store Operations Block 3(SOUTH CHINA 3)),4000,区级商圈,732.7,无,8000,物业内
367,东莞虎门万达广场店,标准(有B),东莞1,Block 2(Store Operations Block 2(SOUTH CHINA 2)),4960,区级商圈,745.0,无,18000,物业内
368,烟台永旺购物中心店,标准(有B),烟台,Block 15(Store Operations Block 15(SHANDONG)),4000,社区商圈,759.0,无,8000,物业内
369,北京新奥天虹店,标准(有B),北京６,Block 13(Store Operations Block 13(NORTH CHINA 1)),6900,区级商圈,1018.5,有,10000,物业内
370,天津大悦城店,标准(有B),天津1,Block 14(Store Operations Block 14(NORTH CHINA 2)),5855,市级商圈,1081.3,有,50000,物业内
371,西安大兴龙湖星悦荟店,标准(有B),西安2,Block 17(Store Operations Block 17(NORTH WEST CHINA 1)),3000,社区商圈,726.2,无,7000,临街
372,沈阳龙之梦店,标准(有B),大连2,Block 16(Store Operations Block 16(NORTH EAST CHINA)),1530,区级商圈,1022.0,有,6000,物业内
373,大连安盛购物广场店,标准(有B),大连1,Block 16(Store Operations Block 16(NORTH EAST CHINA)),4500,区级商圈,1034.8,无,9000,物业内
375,北京世贸天阶店,大型,北京６,Block 13(Store Operations Block 13(NORTH CHINA 1)),6906,市级商圈,2279.1,有,85000,临街
376,淄博银泰城店,标准(有B),济南3,Block 15(Store Operations Block 15(SHANDONG)),2000,区级商圈,1076.6,无,6500,物业内
377,东莞东城万达广场店,标准(有B),东莞1,Block 2(Store Operations Block 2(SOUTH CHINA 2)),7533,区级商圈,930.5,有,19292,物业内
379,包头维多利商厦店,标准(有B),内蒙古,Block 14(Store Operations Block 14(NORTH CHINA 2)),4000,市级商圈,400.6,无,6000,物业内
380,连云港苏宁广场店,标准(有B),苏北,Block 10(Store Operations Block 10(EAST CHINA 5)),4427,市级商圈,782.0,无,9000,物业内
381,深圳龙华星河COCOCity,标准(有B),深圳6,Block 2(Store Operations Block 2(SOUTH CHINA 2)),8000,区级商圈,1046.7,有,60000,临街
382,福州愛琴海购物公园店,标准(有B),福建2,Block 3(Store Operations Block 3(SOUTH CHINA 3)),3600,市级商圈,792.9,无,35000,物业内
383,天津武清威尼都店,标准(有B),天津2,Block 14(Store Operations Block 14(NORTH CHINA 2)),5855,区级商圈,943.6,无,30000,临街
385,成都青羊万达广场店,标准(有B),成都4,Block 11(Store Operations Block 11(SOUTH WEST CHINA 1)),4000,社区商圈,786.0,有,12000,物业内
386,东莞汇一城店,标准(有B),东莞2,Block 2(Store Operations Block 2(SOUTH CHINA 2)),6000,市级商圈,933.1,有,20000,物业内
387,佛山南海万科广场店,标准(有B),佛山2,Block 1(Store Operations Block 1(SOUTH CHINA 1)),4360,社区商圈,915.0,有,2000,物业内
388,UNIQLOSHANGHAI,超大型,上海1,Block 6(Store Operations Block 6(EAST CHINA 1)),9000,市级商圈,6360.0,有,100000,临街
389,无锡京东商业广场店,标准(有B),无锡,Block 8(Store Operations Block 8(EAST CHINA 3)),5976,社区商圈,852.3,有,12000,物业内
390,绍兴银泰城店,标准(有B),绍兴,Block 9(Store Operations Block 9(EAST CHINA 4)),3000,市级商圈,863.1,无,12000,物业内
391,重庆万象城店,标准(有B),重庆3,Block 12(Store Operations Block 12(SOUTH WEST CHINA 2)),6000,社区商圈,925.5,有,14000,物业内
392,深圳龙华九方购物中心店,标准(有B),深圳6,Block 2(Store Operations Block 2(SOUTH CHINA 2)),6780,区级商圈,871.9,有,41600,物业内
393,温州财富购物中心店,标准(有B),温州,Block 9(Store Operations Block 9(EAST CHINA 4)),5306,区级商圈,727.0,无,15000,临街
395,余姚华润五彩城店,标准(有B),宁波2,Block 9(Store Operations Block 9(EAST CHINA 4)),4000,区级商圈,699.1,无,11000,物业内
396,兰州城关万达广场店,标准(有B),兰州,Block 17(Store Operations Block 17(NORTH WEST CHINA 1)),4500,区级商圈,838.0,无,18000,物业内
397,昆明爱琴海广场店,标准(有B),昆明2,Block 12(Store Operations Block 12(SOUTH WEST CHINA 2)),4630,社区商圈,792.0,无,12000,物业内
398,南京中海环宇城店,标准(有B),南京2,Block 10(Store Operations Block 10(EAST CHINA 5)),5000,社区商圈,842.0,有,30000,物业内
399,北京枫蓝国际广场店,标准(有B),北京６,Block 13(Store Operations Block 13(NORTH CHINA 1)),6900,社区商圈,755.1,无,60000,物业内
400,广州西城都荟店,标准(有B),广州3,Block 1(Store Operations Block 1(SOUTH CHINA 1)),6000,市级商圈,745.0,有,11000,物业内
401,杭州星光大道店,标准(有B),杭州2,Block 9(Store Operations Block 9(EAST CHINA 4)),7000,市级商圈,800.0,有,20000,临街
402,东莞长安万科店,标准(有B),东莞1,Block 2(Store Operations Block 2(SOUTH CHINA 2)),5500,社区商圈,851.5,无,30000,临街
403,哈尔滨太平桥百盛购物中心店,标准(有B),哈尔滨2,Block 16(Store Operations Block 16(NORTH EAST CHINA)),3000,社区商圈,729.8,有,10000,物业内
405,绍兴上百万和城店,标准(有B),绍兴,Block 9(Store Operations Block 9(EAST CHINA 4)),4300,区级商圈,893.0,无,8000,物业内
406,昆明广场店,标准(有B),昆明3,Block 12(Store Operations Block 12(SOUTH WEST CHINA 2)),4630,市级商圈,822.0,有,14500,物业内
407,烟台万达广场店,标准(有B),烟台,Block 15(Store Operations Block 15(SHANDONG)),4000,区级商圈,881.0,无,10000,物业内
408,江门万达广场店,标准(有B),中山,Block 3(Store Operations Block 3(SOUTH CHINA 3)),3500,市级商圈,878.9,无,7000,物业内
409,西宁国芳广场店,标准(有B),西宁,Block 17(Store Operations Block 17(NORTH WEST CHINA 1)),2000,市级商圈,1080.2,无,7000,临街
410,青岛合肥路永旺店,标准(有B),青岛2,Block 15(Store Operations Block 15(SHANDONG)),4000,社区商圈,888.9,有,28000,物业内
411,青岛万象城店,标准(有B),青岛1,Block 15(Store Operations Block 15(SHANDONG)),4200,市级商圈,933.0,有,30000,物业内
412,淄博万象汇店,标准(有B),济南3,Block 15(Store Operations Block 15(SHANDONG)),5000,市级商圈,912.7,无,7000,物业内
413,杭州拱墅万达广场店,标准(有B),杭州3,Block 9(Store Operations Block 9(EAST CHINA 4)),4000,区级商圈,962.2,无,20000,物业内
415,南宁青秀万达广场店,标准(有B),南宁,Block 4(Store Operations Block 4(SOUTH CHINA 4)),5000,区级商圈,786.8,无,8000,物业内
416,济南振华商厦店,标准(有B),济南2,Block 15(Store Operations Block 15(SHANDONG)),4213,市级商圈,871.8,无,12000,物业内
417,武汉金银潭永旺梦乐城店,标准(有B),武汉1,Block 5(Store Operations Block 5(CENTRAL CHINA)),5200,社区商圈,928.5,有,13000,物业内
418,上海青浦吾悦广场店,标准(有B),上海13,Block 7(Store Operations Block 7(EAST CHINA 2)),8000,区级商圈,838.0,无,43000,物业内
419,杭州中大银泰城店,标准(有B),杭州5,Block 9(Store Operations Block 9(EAST CHINA 4)),6500,社区商圈,682.8,有,20000,物业内
420,北京荟聚西红门购物中心店,大型,北京10,Block 14(Store Operations Block 14(NORTH CHINA 2)),4851,区级商圈,1302.0,有,44811,物业内
421,西安曲江金地广场店,标准(有B),西安2,Block 17(Store Operations Block 17(NORTH WEST CHINA 1)),4000,区级商圈,880.5,无,15000,物业内
422,宜昌水悦城店,标准(有B),武汉3,Block 5(Store Operations Block 5(CENTRAL CHINA)),4296,社区商圈,830.0,无,7500,物业内
423,武汉荟聚竹叶海购物中心店,标准(有B),武汉3,Block 5(Store Operations Block 5(CENTRAL CHINA)),5934,区级商圈,884.0,有,16000,物业内
425,南京金鹰天地购物中心店,标准(有B),南京1,Block 10(Store Operations Block 10(EAST CHINA 5)),6500,社区商圈,1016.3,有,50000,物业内
426,海口京华城店,标准(有B),海口,Block 4(Store Operations Block 4(SOUTH CHINA 4)),3000,市级商圈,1008.9,无,15000,临街
427,福州世欧广场店,标准(有B),福建2,Block 3(Store Operations Block 3(SOUTH CHINA 3)),6000,社区商圈,817.2,无,30000,物业内
428,柳州银泰城店,标准(有B),柳州,Block 4(Store Operations Block 4(SOUTH CHINA 4)),4500,市级商圈,832.1,无,7500,临街
429,北京中粮万科半岛广场店,标准(有B),北京8,Block 13(Store Operations Block 13(NORTH CHINA 1)),6000,社区商圈,1018.0,有,40000,物业内
430,北京首开福茂宋家庄购物中心店,标准(有B),北京５,Block 13(Store Operations Block 13(NORTH CHINA 1)),7000,社区商圈,729.8,有,33000,物业内
431,大连凯丹广场店,标准(有B),大连1,Block 16(Store Operations Block 16(NORTH EAST CHINA)),5500,社区商圈,910.2,有,17000,物业内
433,苏州园区永旺梦乐城湖东购物中心,标准(有B),苏州1,Block 8(Store Operations Block 8(EAST CHINA 3)),5000,区级商圈,931.4,有,25000,物业内
435,成都龙湖金楠天街店,标准(有B),成都4,Block 11(Store Operations Block 11(SOUTH WEST CHINA 1)),4000,社区商圈,884.1,无,8000,物业内
436,深圳华强北九方广场店,标准(有B),深圳2,Block 2(Store Operations Block 2(SOUTH CHINA 2)),8000,市级商圈,1266.1,有,68000,临街
437,北京中粮祥云小镇店,标准(有B),北京３,Block 13(Store Operations Block 13(NORTH CHINA 1)),6906,区级商圈,837.3,有,40000,物业内
438,呼和浩特凯德广场店,标准(有B),内蒙古,Block 14(Store Operations Block 14(NORTH CHINA 2)),3500,社区商圈,749.5,无,7800,物业内
439,长沙德思勤四季汇购物中心店,标准(有B),长沙3,Block 4(Store Operations Block 4(SOUTH CHINA 4)),5800,区级商圈,795.0,有,8000,物业内
440,郑州丹尼斯大卫城店,标准(有B),郑州1,Block 18(Store Operations Block 18(NORTH WEST CHINA 2)),4910,市级商圈,778.7,有,18000,物业内
441,诸暨雄风新天地店,标准(有B),绍兴,Block 9(Store Operations Block 9(EAST CHINA 4)),4320,社区商圈,997.6,无,10000,物业内
442,北京丰台永旺梦乐城店,标准(有B),北京8,Block 13(Store Operations Block 13(NORTH CHINA 1)),6000,社区商圈,870.9,无,40000,临街
443,龙岩万宝广场店,标准(有B),福建2,Block 3(Store Operations Block 3(SOUTH CHINA 3)),2534,市级商圈,808.6,无,9035,临街
445,深圳京基KKOne店,标准(有B),深圳4,Block 2(Store Operations Block 2(SOUTH CHINA 2)),7000,区级商圈,1106.5,有,65000,物业内
446,扬州三盛国际广场店,标准(有B),扬州,Block 8(Store Operations Block 8(EAST CHINA 3)),4413,市级商圈,927.6,无,10000,物业内
447,成都万象城店,标准(有B),成都1,Block 11(Store Operations Block 11(SOUTH WEST CHINA 1)),3000,区级商圈,786.8,有,11000,临街
448,湛江鼎盛广场店,标准(有B),湛江,Block 4(Store Operations Block 4(SOUTH CHINA 4)),4000,市级商圈,858.6,无,7000,物业内
449,北京家乐福四元桥店,标准(有B),北京２,Block 13(Store Operations Block 13(NORTH CHINA 1)),7000,市级商圈,827.0,无,54000,物业内
450,杭州银隆购物广场店,标准(有B),杭州2,Block 9(Store Operations Block 9(EAST CHINA 4)),5000,区级商圈,756.9,有,15000,物业内
451,马鞍山金鹰国际购物中心店,标准(有B),南京2,Block 10(Store Operations Block 10(EAST CHINA 5)),6000,市级商圈,72.7,无,8000,物业内
452,嘉兴万达广场店,标准(有B),苏州2,Block 8(Store Operations Block 8(EAST CHINA 3)),6500,区级商圈,713.3,无,8300,物业内
453,天津泰达永旺梦乐城店,标准(有B),天津1,Block 14(Store Operations Block 14(NORTH CHINA 2)),6000,区级商圈,771.5,有,12000,物业内
455,银川新华百货CCMall店,标准(有B),西宁,Block 17(Store Operations Block 17(NORTH WEST CHINA 1)),4307,市级商圈,849.0,无,5142,物业内
456,大连恒隆广场店,标准(有B),大连1,Block 16(Store Operations Block 16(NORTH EAST CHINA)),4500,区级商圈,660.4,有,15000,物业内
457,营口万达广场店,标准(有B),沈阳1,Block 16(Store Operations Block 16(NORTH EAST CHINA)),3750,市级商圈,810.9,无,4300,物业内
458,重庆解放碑苏宁店,标准(有B),重庆2,Block 12(Store Operations Block 12(SOUTH WEST CHINA 2)),6362,市级商圈,1097.0,有,22000,临街
459,广州萝岗万达广场店,标准(有B),广州1,Block 1(Store Operations Block 1(SOUTH CHINA 1)),6000,区级商圈,729.4,有,32000,物业内
460,齐齐哈尔万达广场店,标准(有B),哈尔滨2,Block 16(Store Operations Block 16(NORTH EAST CHINA)),3000,区级商圈,672.0,无,5000,物业内
461,贵阳中大国际购物中心店,标准(有B),贵阳,Block 11(Store Operations Block 11(SOUTH WEST CHINA 1)),3500,社区商圈,731.6,无,8000,物业内
462,武汉光谷世界城广场店,标准(有B),武汉4,Block 5(Store Operations Block 5(CENTRAL CHINA)),4000,市级商圈,704.8,无,25000,临街
463,广州番禺奥园广场店,标准(有B),广州3,Block 1(Store Operations Block 1(SOUTH CHINA 1)),6000,社区商圈,935.0,有,30000,物业内
465,株洲王府井百货店,标准(有B),长沙4,Block 4(Store Operations Block 4(SOUTH CHINA 4)),4520,市级商圈,765.5,无,9000,物业内
466,包头北京华联钢铁大街购物中心店,标准(有B),内蒙古,Block 14(Store Operations Block 14(NORTH CHINA 2)),,,831.0,,,
468,太原茂业天地店,标准(有B),太原2,Block 17(Store Operations Block 17(NORTH WEST CHINA 1)),,,931.0,,,
470,昆明世纪金源购物中心店,标准(有B),昆明2,Block 12(Store Operations Block 12(SOUTH WEST CHINA 2)),4630,社区商圈,913.4,有,8000,临街
471,上海宝山宝乐汇生活时尚中心,大型,上海9,Block 7(Store Operations Block 7(EAST CHINA 2)),8000,社区商圈,1417.7,有,45000,物业内
472,上海紫荆广场店,标准(有B),上海8,Block 7(Store Operations Block 7(EAST CHINA 2)),8000,社区商圈,917.5,有,8000,临街
473,汕头苏宁广场店,标准(有B),潮汕,Block 3(Store Operations Block 3(SOUTH CHINA 3)),3000,区级商圈,767.6,有,12000,临街
475,泰安万达广场店,标准(有B),济南1,Block 15(Store Operations Block 15(SHANDONG)),3500,市级商圈,735.0,无,7000,物业内
476,上海金山万达广场店,标准(有B),上海13,Block 7(Store Operations Block 7(EAST CHINA 2)),8000,社区商圈,835.0,无,28000,物业内
477,东营万达广场店,标准(有B),济南3,Block 15(Store Operations Block 15(SHANDONG)),3500,区级商圈,737.0,无,6000,物业内
479,北京昌平永旺国际商城店,标准(有B),北京10,Block 14(Store Operations Block 14(NORTH CHINA 2)),6900,社区商圈,795.5,有,20000,物业内
480,北京东壩金隅嘉品Mall店,标准(有B),北京３,Block 13(Store Operations Block 13(NORTH CHINA 1)),6900,社区商圈,795.2,无,10000,物业内
481,大连开发区万达广场店,标准(有B),大连1,Block 16(Store Operations Block 16(NORTH EAST CHINA)),4500,区级商圈,866.65,无,8000,物业内
482,天津爱琴海购物公园店,标准(有B),天津3,Block 14(Store Operations Block 14(NORTH CHINA 2)),5855,社区商圈,843.0,无,57264,物业内
483,肇庆印象汇店,标准(有B),佛山1,Block 1(Store Operations Block 1(SOUTH CHINA 1)),2600,区级商圈,771.5,无,1200,物业内
485,成都大源银泰城店,标准(有B),成都2,Block 11(Store Operations Block 11(SOUTH WEST CHINA 1)),4500,区级商圈,954.6,有,15000,物业内
486,西安李家村万达广场店,小型店,兰州,Block 17(Store Operations Block 17(NORTH WEST CHINA 1)),5500,社区商圈,462.6,无,8000,物业内
487,邢台世贸天街店,标准(有B),石家庄2,Block 18(Store Operations Block 18(NORTH WEST CHINA 2)),4000,区级商圈,711.6,无,6000,临街
488,沈阳万象城店,标准(有B),沈阳1,Block 16(Store Operations Block 16(NORTH EAST CHINA)),4000,市级商圈,823.5,有,12000,物业内
489,赤峰北京华联购物中心店,标准(有B),内蒙古,Block 14(Store Operations Block 14(NORTH CHINA 2)),4690,区级商圈,610.0,无,5850,临街
490,吉林欧亚商都店,标准(有B),长春,Block 16(Store Operations Block 16(NORTH EAST CHINA)),4740,区级商圈,750.9,无,4500,物业内
491,广州漫广场店,标准(有B),广州2,Block 1(Store Operations Block 1(SOUTH CHINA 1)),,,#NULL,,,
492,昆山九方城店,标准(有B),苏州1,Block 8(Store Operations Block 8(EAST CHINA 3)),4710,区级商圈,850.3,无,15000,物业内
495,延吉百利城店,标准(有B),长春,Block 16(Store Operations Block 16(NORTH EAST CHINA)),3500,市级商圈,724.2,无,5000,临街
496,北京银座和谐广场店,标准(有B),北京8,Block 13(Store Operations Block 13(NORTH CHINA 1)),6900,社区商圈,763.4,有,65000,物业内
497,广州中华广场店,标准(有B),广州5,Block 1(Store Operations Block 1(SOUTH CHINA 1)),6000,市级商圈,764.5,有,30000,物业内
498,广州恒宝广场店,标准(有B),广州3,Block 1(Store Operations Block 1(SOUTH CHINA 1)),6000,社区商圈,822.7,有,40000,临街
499,河源万隆城店,标准(有B),潮汕,Block 3(Store Operations Block 3(SOUTH CHINA 3)),3660,市级商圈,669.0,无,6000,物业内
500,长沙星沙华润万象汇店,标准(有B),海口,Block 4(Store Operations Block 4(SOUTH CHINA 4)),4500,社区商圈,831.0,无,7500,临街
501,上海百联嘉定购物中心店,标准(有B),上海7,Block 6(Store Operations Block 6(EAST CHINA 1)),8000,社区商圈,957.5,无,30000,物业内
502,沈阳万象汇店,标准(有B),沈阳2,Block 16(Store Operations Block 16(NORTH EAST CHINA)),4000,区级商圈,790.3,无,8500,物业内
505,柳州万达广场店,标准(有B),柳州,Block 4(Store Operations Block 4(SOUTH CHINA 4)),4170,区级商圈,727.8,无,12000,物业内
506,东莞厚街万达广场店,标准(有B),东莞1,Block 2(Store Operations Block 2(SOUTH CHINA 2)),4500,区级商圈,841.0,有,12000,物业内
507,海宁银泰城店,标准(有B),苏州2,Block 8(Store Operations Block 8(EAST CHINA 3)),4000,市级商圈,804.3,无,14000,物业内
508,上海虹口龙之梦店,标准(有B),上海10,Block 7(Store Operations Block 7(EAST CHINA 2)),8000,区级商圈,710.4,有,50000,物业内
509,湘潭步步高广场店,标准(有B),长沙4,Block 4(Store Operations Block 4(SOUTH CHINA 4)),4000,市级商圈,897.3,无,6500,临街
510,宁波环球银泰城店,标准(有B),宁波1,Block 9(Store Operations Block 9(EAST CHINA 4)),7000,区级商圈,699.1,无,9500,物业内
511,太原龙湖万达广场店,标准(有B),太原2,Block 17(Store Operations Block 17(NORTH WEST CHINA 1)),6000,市级商圈,1014.0,无,12000,物业内
512,中山小榄百汇时代广场店,标准(有B),中山,Block 3(Store Operations Block 3(SOUTH CHINA 3)),2000,区级商圈,846.0,无,4000,物业内
513,九江联盛快乐城店,标准(有B),武汉5,Block 5(Store Operations Block 5(CENTRAL CHINA)),3000,市级商圈,833.0,无,7000,物业内
515,德州澳德乐时代广场店,标准(有B),济南1,Block 15(Store Operations Block 15(SHANDONG)),2800,区级商圈,783.0,无,6000,物业内
516,上海松江新理想广场店,标准(有B),上海13,Block 7(Store Operations Block 7(EAST CHINA 2)),8000,市级商圈,678.0,有,30000,临街
517,苏州吴中万达广场店,标准(有B),苏州4,Block 8(Store Operations Block 8(EAST CHINA 3)),4755,区级商圈,838.0,有,18000,物业内
518,南通万达广场店,标准(有B),南通,Block 8(Store Operations Block 8(EAST CHINA 3)),5000,区级商圈,770.5,无,10000,物业内
519,北京凯德MALL大峡谷店,标准(有B),北京６,Block 13(Store Operations Block 13(NORTH CHINA 1)),6900,社区商圈,709.58,有,70000,物业内
520,北京凯德Mall太阳宫店,标准(有B),北京２,Block 13(Store Operations Block 13(NORTH CHINA 1)),7000,市级商圈,597.84,有,20000,物业内
521,秦皇岛茂业金源店,标准(有B),沈阳2,Block 16(Store Operations Block 16(NORTH EAST CHINA)),3860,市级商圈,800.4,无,9000,临街
522,深圳龙华ICO时尚购物领地店,标准(有B),深圳6,Block 2(Store Operations Block 2(SOUTH CHINA 2)),8100,社区商圈,811.0,有,35000,物业内
523,赣州万象城店,标准(有B),南昌2,Block 5(Store Operations Block 5(CENTRAL CHINA)),3000,市级商圈,828.0,无,9000,物业内
526,苏州大运城店,标准(有B),苏州4,Block 8(Store Operations Block 8(EAST CHINA 3)),5000,社区商圈,777.0,有,20000,物业内
527,长春欢乐城店,标准(有B),长春,Block 16(Store Operations Block 16(NORTH EAST CHINA)),4000,社区商圈,656.3,有,8200,临街
528,广州江燕路万科里店,标准(有B),广州5,Block 1(Store Operations Block 1(SOUTH CHINA 1)),6000,社区商圈,784.1,有,50000,物业内
529,西安印象城店,标准(有B),西安2,Block 17(Store Operations Block 17(NORTH WEST CHINA 1)),4203,区级商圈,811.5,有,6000,物业内
530,邯郸天鸿广场店,标准(有B),石家庄1,Block 18(Store Operations Block 18(NORTH WEST CHINA 2)),3000,区级商圈,637.3,无,8000,临街
531,南宁安吉万达广场店,标准(有B),南宁,Block 4(Store Operations Block 4(SOUTH CHINA 4)),3000,社区商圈,748.4,无,10000,物业内
532,广州凯德广场云尚店,标准(有B),广州4,Block 1(Store Operations Block 1(SOUTH CHINA 1)),6000,区级商圈,840.0,有,25000,物业内
533,杭州永旺梦乐城店,标准(有B),杭州4,Block 9(Store Operations Block 9(EAST CHINA 4)),7267,区级商圈,726.3,建设中,20000,物业内
535,昆明顺城购物中心店,标准(有B),昆明1,Block 12(Store Operations Block 12(SOUTH WEST CHINA 2)),4500,市级商圈,670.9,有,12000,物业内
536,成都大悦城店,标准(有B),成都4,Block 11(Store Operations Block 11(SOUTH WEST CHINA 1)),6151,市级商圈,883.2,有,14000,物业内
537,广州南沙万达广场店,标准(有B),广州5,Block 1(Store Operations Block 1(SOUTH CHINA 1)),6000,社区商圈,818.8,有,10000,物业内
538,上海协信星光广场店,标准(有B),上海4,Block 6(Store Operations Block 6(EAST CHINA 1)),8000,社区商圈,753.5,有,70000,物业内
539,武汉经开永旺梦乐城店,标准(有B),武汉2,Block 5(Store Operations Block 5(CENTRAL CHINA)),4000,区级商圈,709.8,有,13000,物业内
540,温州万象城店,标准(有B),温州,Block 9(Store Operations Block 9(EAST CHINA 4)),3696,市级商圈,918.0,无,22000,物业内
541,哈尔滨红博广场店,标准(有B),哈尔滨1,Block 16(Store Operations Block 16(NORTH EAST CHINA)),2700,市级商圈,830.2,无,10000,物业内
542,上海虹桥天地店,标准(有B),上海6,Block 6(Store Operations Block 6(EAST CHINA 1)),,,#NULL,,,
543,开封星光天地店,标准(有B),郑州2,Block 18(Store Operations Block 18(NORTH WEST CHINA 2)),2500,区级商圈,806.8,无,6000,临街
545,温州人民路店,标准(有B),温州,Block 9(Store Operations Block 9(EAST CHINA 4)),3900,市级商圈,784.0,无,18000,临街
546,德阳上美广场店,标准(有B),成都6,Block 11(Store Operations Block 11(SOUTH WEST CHINA 1)),4680,市级商圈,808.0,无,3800,物业内
547,郑州熙地港店,标准(有B),郑州5,Block 18(Store Operations Block 18(NORTH WEST CHINA 2)),5000,市级商圈,818.8,有,25000,物业内
548,上海悠方广场店,标准(有B),上海10,Block 7(Store Operations Block 7(EAST CHINA 2)),,,859.0,,,
550,上海缤谷文化休闲广场店,标准(有B),上海3,Block 6(Store Operations Block 6(EAST CHINA 1)),9000,社区商圈,707.5,有,100000,临街
551,镇江苏宁广场店,标准(有B),常州,Block 8(Store Operations Block 8(EAST CHINA 3)),3500,市级商圈,1095.5,无,12000,物业内
552,昆山昆城广场店,标准(有B),苏州1,Block 8(Store Operations Block 8(EAST CHINA 3)),4000,区级商圈,781.3,无,15000,物业内
553,日照万象汇店,标准(有B),青岛2,Block 15(Store Operations Block 15(SHANDONG)),,,823.0,,,
555,襄阳天元四季城店,标准(有B),武汉2,Block 5(Store Operations Block 5(CENTRAL CHINA)),3000,市级商圈,743.1,无,9000,物业内
556,广州花都骏壹万邦广场店,标准(有B),广州4,Block 1(Store Operations Block 1(SOUTH CHINA 1)),,,836.0,,,
558,海口秀英万达广场店,标准(有B),海口,Block 4(Store Operations Block 4(SOUTH CHINA 4)),3500,社区商圈,773.0,无,9500,物业内
559,深圳观澜湖新城店,标准(有B),深圳6,Block 2(Store Operations Block 2(SOUTH CHINA 2)),,,717.0,,,
560,深圳梅林卓悦汇,标准(有B),深圳3,Block 2(Store Operations Block 2(SOUTH CHINA 2)),5000,社区商圈,989.5,有,55000,临街
561,南宁百货店,标准(有B),南宁,Block 4(Store Operations Block 4(SOUTH CHINA 4)),3000,市级商圈,1011.6,有,9000,临街
562,深圳布吉万象汇店,标准(有B),深圳1,Block 2(Store Operations Block 2(SOUTH CHINA 2)),,,962.9,,,
563,珠海印象城店,标准(有B),珠海,Block 3(Store Operations Block 3(SOUTH CHINA 3)),6000,社区商圈,904.0,无,8000,物业内
566,南京KINGMO,标准(有B),南京3,Block 10(Store Operations Block 10(EAST CHINA 5)),4620,区级商圈,820.0,有,28000,物业内
567,重庆国金中心IFS店,标准(有B),重庆1,Block 12(Store Operations Block 12(SOUTH WEST CHINA 2)),,,858.0,,,
568,深圳壹方城店,标准(有B),深圳3,Block 2(Store Operations Block 2(SOUTH CHINA 2)),,,1215.0,,,
569,长沙国金中心IFS店,大型,长沙1,Block 4(Store Operations Block 4(SOUTH CHINA 4)),,,1485.0,,,
570,上海美罗城店,标准(无童装),上海2,Block 6(Store Operations Block 6(EAST CHINA 1)),8000,区级商圈,715.2,有,50000,物业内
571,长春中东新天地店,标准(有B),长春,Block 16(Store Operations Block 16(NORTH EAST CHINA)),4200,社区商圈,674.08,无,7500,物业内
572,广州海珠新光百货店,标准(有B),广州5,Block 1(Store Operations Block 1(SOUTH CHINA 1)),6000,区级商圈,735.9,有,39600,物业内
573,上海嘉定大融城,标准(有B),上海7,Block 6(Store Operations Block 6(EAST CHINA 1)),8000,社区商圈,745.0,有,35000,物业内
575,北京龙湖大兴天街购物中心店,标准(有B),北京７,Block 13(Store Operations Block 13(NORTH CHINA 1)),6000,区级商圈,663.0,有,35000,物业内
576,深圳国贸天虹百货店,标准(有B),深圳2,Block 2(Store Operations Block 2(SOUTH CHINA 2)),8315,区级商圈,689.6,有,49110,临街
577,惠州天虹购物中心店,标准(有B),东莞2,Block 2(Store Operations Block 2(SOUTH CHINA 2)),6000,社区商圈,712.5,无,12000,物业内
579,湛江凯德广场店,标准(有B),湛江,Block 4(Store Operations Block 4(SOUTH CHINA 4)),3000,区级商圈,685.6,无,4000,物业内
580,扬州华懋购物中心店,标准(有B),扬州,Block 8(Store Operations Block 8(EAST CHINA 3)),4600,市级商圈,790.0,有,8500,物业内
581,广州天汇广场igc店,标准(有B),广州2,Block 1(Store Operations Block 1(SOUTH CHINA 1)),6000,市级商圈,734.0,有,95000,物业内
582,福州东二环泰禾广场店,标准(有B),福建3,Block 3(Store Operations Block 3(SOUTH CHINA 3)),4000,市级商圈,1121.0,无,30000,物业内
583,廊坊新朝阳购物中心店,标准(有B),北京５,Block 13(Store Operations Block 13(NORTH CHINA 1)),6000,区级商圈,747.5,无,15000,临街
585,长沙河西王府井店,标准(有B),长沙4,Block 4(Store Operations Block 4(SOUTH CHINA 4)),5000,社区商圈,731.0,无,9000,物业内
586,昆明金鹰购物广场店,标准(有B),昆明1,Block 12(Store Operations Block 12(SOUTH WEST CHINA 2)),4630,市级商圈,961.0,有,11000,临街
587,鄂尔多斯星河COCOCity店,标准(有B),内蒙古,Block 14(Store Operations Block 14(NORTH CHINA 2)),,,738.0,,,
588,广州合生广场店,标准(有B),广州2,Block 1(Store Operations Block 1(SOUTH CHINA 1)),,,688.7,,,
589,苏州高新永旺梦乐城店,标准(有B),苏州3,Block 8(Store Operations Block 8(EAST CHINA 3)),5000,社区商圈,661.4,无,12000,临街
590,遵义星力城店,标准(有B),贵阳,Block 11(Store Operations Block 11(SOUTH WEST CHINA 1)),3100,区级商圈,828.0,无,4200,临街
591,大同星茂汇VOVOPARK店,标准(有B),太原2,Block 17(Store Operations Block 17(NORTH WEST CHINA 1)),,,686.0,,,
592,阳江百利广场店,标准(有B),湛江,Block 4(Store Operations Block 4(SOUTH CHINA 4)),4500,区级商圈,801.0,无,5000,物业内
593,太原北美新天地N1艺术购物中心店,标准(有B),太原1,Block 17(Store Operations Block 17(NORTH WEST CHINA 1)),,,822.7,,,
595,上海七宝万科广场店,大型,上海6,Block 6(Store Operations Block 6(EAST CHINA 1)),8000,社区商圈,1467.5,有,60000,物业内
596,太原华宇百花谷店,标准(有B),太原1,Block 17(Store Operations Block 17(NORTH WEST CHINA 1)),,,904.0,,,
597,济南高新万达广场店,标准(有B),济南2,Block 15(Store Operations Block 15(SHANDONG)),4422,区级商圈,754.0,无,20000,物业内
598,南昌万达茂店,标准(有B),南昌1,Block 5(Store Operations Block 5(CENTRAL CHINA)),3416,区级商圈,1071.0,无,14000,物业内
599,资阳万达广场店,标准(有B),成都2,Block 11(Store Operations Block 11(SOUTH WEST CHINA 1)),3500,社区商圈,907.2,无,4200,物业内
600,台州经开万达广场店,标准(有B),宁波1,Block 9(Store Operations Block 9(EAST CHINA 4)),6000,区级商圈,745.3,无,10000,物业内
601,成都蜀都万达广场店,标准(有B),成都3,Block 11(Store Operations Block 11(SOUTH WEST CHINA 1)),4500,区级商圈,833.0,无,5000,物业内
602,大庆萨尔图万达广场店,标准(有B),哈尔滨2,Block 16(Store Operations Block 16(NORTH EAST CHINA)),5000,区级商圈,777.0,无,7500,物业内
603,杭州嘉里中心店,标准(有B),杭州1,Block 9(Store Operations Block 9(EAST CHINA 4)),,,865.8,,,
605,北京旧宫住总万科广场店,标准(有B),北京５,Block 13(Store Operations Block 13(NORTH CHINA 1)),6900,区级商圈,770.0,有,20000,临街
607,成都太古里店,标准(有B),成都1,Block 11(Store Operations Block 11(SOUTH WEST CHINA 1)),6000,市级商圈,919.4,有,20000,物业内
608,佛山和信广场店,标准(有B),佛山3,Block 1(Store Operations Block 1(SOUTH CHINA 1)),4500,区级商圈,794.0,无,9000,物业内
609,深圳联投东方Park店,标准(有B),深圳5,Block 2(Store Operations Block 2(SOUTH CHINA 2)),,,729.4,,,
610,咸阳国际财富中心店,标准(有B),西安3,Block 17(Store Operations Block 17(NORTH WEST CHINA 1)),2500,区级商圈,826.0,无,5600,临街
611,北京华联同成街购物中心店,标准(有B),北京10,Block 14(Store Operations Block 14(NORTH CHINA 2)),6000,社区商圈,773.0,有,30000,物业内
612,台州中盛城市广场,标准(有B),宁波1,Block 9(Store Operations Block 9(EAST CHINA 4)),5350,区级商圈,811.0,无,8000,临街
613,贵阳中华路店,标准(有B),贵阳,Block 11(Store Operations Block 11(SOUTH WEST CHINA 1)),4700,市级商圈,769.0,无,5250,临街
615,深圳深业上城店,标准(有B),深圳2,Block 2(Store Operations Block 2(SOUTH CHINA 2)),,,#NULL,,,
616,北京亦庄大族广场店,标准(有B),北京７,Block 13(Store Operations Block 13(NORTH CHINA 1)),,,764.0,,,
617,普宁万泰汇,标准(有B),潮汕,Block 3(Store Operations Block 3(SOUTH CHINA 3)),3000,社区商圈,888.0,无,5000,临街
618,十堰万达广场店,标准(有B),武汉4,Block 5(Store Operations Block 5(CENTRAL CHINA)),4000,社区商圈,759.56,无,6300,物业内
619,西宁海湖万达广场店,标准(有B),西宁,Block 17(Store Operations Block 17(NORTH WEST CHINA 1)),3500,市级商圈,921.0,无,7500,物业内
620,武汉菱角湖万达广场店,标准(有B),武汉5,Block 5(Store Operations Block 5(CENTRAL CHINA)),3784,市级商圈,870.5,有,17000,物业内
622,上海金桥太茂店,标准(有B),上海8,Block 7(Store Operations Block 7(EAST CHINA 2)),,,722.5,,,
623,许昌新田360广场店,标准(有B),郑州5,Block 18(Store Operations Block 18(NORTH WEST CHINA 2)),3000,社区商圈,844.9,无,5000,物业内
625,义乌万达广场店,标准(有B),金华,Block 9(Store Operations Block 9(EAST CHINA 4)),3800,社区商圈,821.6,无,10000,物业内
626,湛江万达广场店,标准(有B),湛江,Block 4(Store Operations Block 4(SOUTH CHINA 4)),4160,区级商圈,912.8,无,9000,临街
627,上海莘庄龙之梦店,标准(有B),上海5,Block 6(Store Operations Block 6(EAST CHINA 1)),9000,区级商圈,838.4,有,45000,物业内
628,衢州国金中心店,标准(有B),杭州2,Block 9(Store Operations Block 9(EAST CHINA 4)),3000,市级商圈,858.0,无,7500,临街
629,杭州万宝城店,标准(有B),杭州5,Block 9(Store Operations Block 9(EAST CHINA 4)),,,798.0,,,
631,常州九洲新世界广场店,标准(有B),常州,Block 8(Store Operations Block 8(EAST CHINA 3)),,,795.0,,,
632,重庆龙湖U城天街B馆店,标准(有B),重庆2,Block 12(Store Operations Block 12(SOUTH WEST CHINA 2)),,,886.0,,,
633,徐州铜山万达广场店,标准(有B),苏北,Block 10(Store Operations Block 10(EAST CHINA 5)),4000,区级商圈,825.3,无,8000,物业内
635,荆州万达广场店,标准(有B),武汉1,Block 5(Store Operations Block 5(CENTRAL CHINA)),4026,市级商圈,803.2,无,5000,物业内
636,梅州万达广场店,标准(有B),潮汕,Block 3(Store Operations Block 3(SOUTH CHINA 3)),5000,社区商圈,792.0,无,3000,临街
637,常德万达广场店,标准(有B),长沙3,Block 4(Store Operations Block 4(SOUTH CHINA 4)),6000,区级商圈,810.2,无,4500,物业内
638,佛山三水万达广场店,标准(有B),佛山1,Block 1(Store Operations Block 1(SOUTH CHINA 1)),3800,区级商圈,828.8,无,8000,物业内
639,合肥漫乐城店,标准(有B),安徽2,Block 10(Store Operations Block 10(EAST CHINA 5)),,,877.0,,,
640,合肥悦方IDMall店,标准(有B),安徽1,Block 10(Store Operations Block 10(EAST CHINA 5)),,,753.7,,,
641,常熟印象城购物中心店,标准(有B),苏州3,Block 8(Store Operations Block 8(EAST CHINA 3)),5620,市级商圈,882.5,无,15000,物业内
643,唐山爱琴海购物公园店,标准(有B),天津1,Block 14(Store Operations Block 14(NORTH CHINA 2)),,,784.1,,,
645,重庆爱琴海购物公园店,标准(有B),重庆1,Block 12(Store Operations Block 12(SOUTH WEST CHINA 2)),6000,区级商圈,816.0,无,13000,物业内
646,威海九龙城店,标准(有B),青岛1,Block 15(Store Operations Block 15(SHANDONG)),4781,区级商圈,861.0,无,6300,物业内
647,西安高新万达广场店,标准(有B),西安1,Block 17(Store Operations Block 17(NORTH WEST CHINA 1)),,,829.5,,,
648,北京丰台万达广场店,标准(有B),北京8,Block 13(Store Operations Block 13(NORTH CHINA 1)),7000,区级商圈,719.66,有,60000,物业内
649,北京槐房万达广场店,标准(有B),北京７,Block 13(Store Operations Block 13(NORTH CHINA 1)),6154,社区商圈,861.97,有,46000,临街
650,杭州滨江宝龙城店,大型,杭州2,Block 9(Store Operations Block 9(EAST CHINA 4)),,,1510.3,,,
651,郑州惠济万达广场店,标准(有B),郑州4,Block 18(Store Operations Block 18(NORTH WEST CHINA 2)),3500,市级商圈,806.6,有,10000,物业内
652,青岛CBD万达店,标准(有B),青岛2,Block 15(Store Operations Block 15(SHANDONG)),6200,市级商圈,844.0,有,20000,物业内
653,焦作万达广场店,标准(有B),郑州3,Block 18(Store Operations Block 18(NORTH WEST CHINA 2)),,,784.0,,,
655,廊坊燕郊永旺梦乐城店,标准(有B),北京４,Block 13(Store Operations Block 13(NORTH CHINA 1)),4292,市级商圈,826.7,无,12000,物业内
656,海口日月广场店,大型,海口,Block 4(Store Operations Block 4(SOUTH CHINA 4)),,,1663.0,,,
657,义乌之心店,标准(有B),金华,Block 9(Store Operations Block 9(EAST CHINA 4)),,,746.0,,,
658,北京清河五彩城店,标准(有B),北京9,Block 14(Store Operations Block 14(NORTH CHINA 2)),5600,社区商圈,884.7,无,90000,物业内
659,杭州来福士店,标准(有B),杭州1,Block 9(Store Operations Block 9(EAST CHINA 4)),,,836.0,,,
660,上海近铁城市广场店,标准(有B),上海3,Block 6(Store Operations Block 6(EAST CHINA 1)),8000,区级商圈,936.0,有,35000,物业内
661,深圳中心城店,大型,深圳3,Block 2(Store Operations Block 2(SOUTH CHINA 2)),8000,市级商圈,1493.0,有,100000,物业内
662,西安西咸万象城店,标准(有B),西安4,Block 17(Store Operations Block 17(NORTH WEST CHINA 1)),,,781.0,,,
663,徐州苏宁广场店,标准(有B),苏北,Block 10(Store Operations Block 10(EAST CHINA 5)),,,931.0,,,
666,长沙CFC富兴时代店,标准(有B),长沙2,Block 4(Store Operations Block 4(SOUTH CHINA 4)),,,805.0,,,
667,昆明西城COHO酷活荟店,标准(有B),昆明3,Block 12(Store Operations Block 12(SOUTH WEST CHINA 2)),,,971.0,,,
668,贵阳世纪金源购物中心店,标准(有B),贵阳,Block 11(Store Operations Block 11(SOUTH WEST CHINA 1)),,,#NULL,,,
669,北京密云华润万象汇店,标准(有B),北京３,Block 13(Store Operations Block 13(NORTH CHINA 1)),,,1085.0,,,
670,沈阳印象城店,大型,沈阳1,Block 16(Store Operations Block 16(NORTH EAST CHINA)),,,1852.0,,,
671,晋城兰花城店,标准(有B),郑州3,Block 18(Store Operations Block 18(NORTH WEST CHINA 2)),,,837.1,,,
672,深圳新沙天虹购物中心店,标准(有B),深圳5,Block 2(Store Operations Block 2(SOUTH CHINA 2)),,,904.8,,,
673,深圳星城购物中心店,标准(有B),深圳6,Block 2(Store Operations Block 2(SOUTH CHINA 2)),8000,区级商圈,822.7,无,50000,临街
676,上海瑞虹天地月亮湾店,标准(有B),上海10,Block 7(Store Operations Block 7(EAST CHINA 2)),,,781.9,,,
677,吉安天虹广场店,标准(有B),南昌2,Block 5(Store Operations Block 5(CENTRAL CHINA)),4700,市级商圈,801.5,无,5200,临街
679,上海怡丰城店,标准(有B),上海6,Block 6(Store Operations Block 6(EAST CHINA 1)),,,872.0,,,
680,长沙金茂览秀城店,标准(有B),长沙1,Block 4(Store Operations Block 4(SOUTH CHINA 4)),4000,区级商圈,820.8,有,15000,物业内
682,青岛丽达购物中心店,标准(有B),青岛1,Block 15(Store Operations Block 15(SHANDONG)),,,823.0,,,
683,长沙步步高梅溪新天地购物中心,标准(有B),长沙1,Block 4(Store Operations Block 4(SOUTH CHINA 4)),5000,市级商圈,809.0,有,7000,物业内
685,西安华阳城店,标准(有B),兰州,Block 17(Store Operations Block 17(NORTH WEST CHINA 1)),,,850.0,,,
686,佛山岭南站NOVA店,标准(有B),佛山3,Block 1(Store Operations Block 1(SOUTH CHINA 1)),4360,区级商圈,884.0,有,13000,物业内
687,茂名东汇城店,标准(有B),湛江,Block 4(Store Operations Block 4(SOUTH CHINA 4)),,,876.0,,,
688,运城恒隆国际购物中心店,标准(有B),西安4,Block 17(Store Operations Block 17(NORTH WEST CHINA 1)),,,840.0,,,
689,广州丽影广场店,标准(有B),广州5,Block 1(Store Operations Block 1(SOUTH CHINA 1)),6000,区级商圈,1241.0,有,25000,物业内
690,广州捷登都会店,标准(有B),广州1,Block 1(Store Operations Block 1(SOUTH CHINA 1)),6000,市级商圈,1184.3,有,45000,物业内
691,上海百联川沙购物中心店,标准(有B),上海12,Block 7(Store Operations Block 7(EAST CHINA 2)),,,913.0,,,
692,南通永旺梦乐城店,标准(有B),南通,Block 8(Store Operations Block 8(EAST CHINA 3)),,,785.53,,,
693,上海凯德晶萃广场店,标准(有B),上海2,Block 6(Store Operations Block 6(EAST CHINA 1)),,,819.0,,,
696,深圳麟恒中心广场店,标准(有B),深圳1,Block 2(Store Operations Block 2(SOUTH CHINA 2)),,,819.0,,,
697,武汉M+店,标准(有B),武汉1,Block 5(Store Operations Block 5(CENTRAL CHINA)),,,1360.0,,,
698,洛阳正大广场店,标准,郑州3,Block 18(Store Operations Block 18(NORTH WEST CHINA 2)),,,#NULL,,,
699,郑州YOYOPARK店,标准,郑州1,Block 18(Store Operations Block 18(NORTH WEST CHINA 2)),,,#NULL,,,
700,石家庄万象城店,标准(有B),石家庄1,Block 18(Store Operations Block 18(NORTH WEST CHINA 2)),,,#NULL,,,
701,深圳来福士广场店,标准(有B),深圳4,Block 2(Store Operations Block 2(SOUTH CHINA 2)),,,1056.3,,,
702,广州粤海仰忠汇店,标准(有B),广州1,Block 1(Store Operations Block 1(SOUTH CHINA 1)),,,1108.0,,,
705,苏州中心店,大型,苏州1,Block 8(Store Operations Block 8(EAST CHINA 3)),,,1353.0,,,
706,天津万福生活广场店,标准(有B),天津3,Block 14(Store Operations Block 14(NORTH CHINA 2)),,,740.7,,,
707,宝鸡天下汇高新店,标准(有B),兰州,Block 17(Store Operations Block 17(NORTH WEST CHINA 1)),,,858.6,,,
708,曲靖雄业218国际购物公园店,标准(有B),昆明1,Block 12(Store Operations Block 12(SOUTH WEST CHINA 2)),,,833.0,,,
709,重庆时代天街C馆店,标准(有B),重庆3,Block 12(Store Operations Block 12(SOUTH WEST CHINA 2)),,,820.0,,,
711,滁州苏宁广场店,标准(有B),南京2,Block 10(Store Operations Block 10(EAST CHINA 5)),,,814.2,,,
712,郴州友阿国际广场店,标准(有B),长沙1,Block 4(Store Operations Block 4(SOUTH CHINA 4)),,,865.0,,,
713,佛山大沥永旺梦乐城店,标准(有B),佛山3,Block 1(Store Operations Block 1(SOUTH CHINA 1)),,,945.0,,,
715,临汾五洲国际广场店,标准(有B),太原1,Block 17(Store Operations Block 17(NORTH WEST CHINA 1)),,,954.2,,,
716,东阳银泰城店,标准(有B),金华,Block 9(Store Operations Block 9(EAST CHINA 4)),,,738.0,,,
717,上海万象城店,标准(有B),上海6,Block 6(Store Operations Block 6(EAST CHINA 1)),,,872.0,,,
718,江门美吉特广场店,标准(有B),中山,Block 3(Store Operations Block 3(SOUTH CHINA 3)),,,732.0,,,
719,武汉金桥永旺梦乐城店,标准(有B),武汉3,Block 5(Store Operations Block 5(CENTRAL CHINA)),,,822.0,,,
721,南宁江南万达广场店,标准(有B),南宁,Block 4(Store Operations Block 4(SOUTH CHINA 4)),,,810.0,,,
722,南昌西湖万达广场店,标准(有B),南昌2,Block 5(Store Operations Block 5(CENTRAL CHINA)),,,935.0,,,
723,平顶山万达广场店,标准(有B),郑州5,Block 18(Store Operations Block 18(NORTH WEST CHINA 2)),,,779.4,,,
725,深圳华润万象天地店,大型,深圳1,Block 2(Store Operations Block 2(SOUTH CHINA 2)),,,2012.0,,,
726,呼和浩特回民区万达广场店,标准(有B),内蒙古,Block 14(Store Operations Block 14(NORTH CHINA 2)),,,#NULL,,,
727,晋中万达广场店,标准(有B),太原2,Block 17(Store Operations Block 17(NORTH WEST CHINA 1)),,,#NULL,,,
728,上海新梅联合广场店,标准(有B),上海11,Block 7(Store Operations Block 7(EAST CHINA 2)),,,980.9,,,
729,昆明呈贡七彩云南第壹城店,标准(有B),昆明3,Block 12(Store Operations Block 12(SOUTH WEST CHINA 2)),,,814.0,,,
730,杭州西溪银泰城店,标准(有B),杭州4,Block 9(Store Operations Block 9(EAST CHINA 4)),,,1397.0,,,
732,张家口容辰广场店,标准(有B),北京9,Block 14(Store Operations Block 14(NORTH CHINA 2)),,,793.7,,,
733,南昌铜锣湾T16购物中心店,标准(有B),南昌2,Block 5(Store Operations Block 5(CENTRAL CHINA)),,,825.4,,,
735,佛山金沙洲万达广场店,标准(有B),佛山2,Block 1(Store Operations Block 1(SOUTH CHINA 1)),,,746.2,,,
737,北京上品+店,标准(有B),北京６,Block 13(Store Operations Block 13(NORTH CHINA 1)),,,956.0,,,
738,北京朝阳合生汇店,标准(有B),北京1,Block 13(Store Operations Block 13(NORTH CHINA 1)),,,835.0,,,
739,上海龙湖北城天街店,标准(有B),上海9,Block 7(Store Operations Block 7(EAST CHINA 2)),,,819.2,,,
740,宁德万达广场店,标准(有B),福建3,Block 3(Store Operations Block 3(SOUTH CHINA 3)),,,810.5,,,
741,天津滨海万达广场店,标准(有B),天津1,Block 14(Store Operations Block 14(NORTH CHINA 2)),,,900.0,,,
742,西安西市城购物中心店,标准(有B),西安1,Block 17(Store Operations Block 17(NORTH WEST CHINA 1)),,,875.0,,,
743,苏州龙湖狮山天街店,标准(有B),苏州2,Block 8(Store Operations Block 8(EAST CHINA 3)),,,833.0,,,
745,杭州万象城店,标准(有B),杭州1,Block 9(Store Operations Block 9(EAST CHINA 4)),,,822.6,,,
746,长春活力城店,标准(有B),长春,Block 16(Store Operations Block 16(NORTH EAST CHINA)),,,968.0,,,
747,南京雨花客厅E-PARK店,标准(有B),南京2,Block 10(Store Operations Block 10(EAST CHINA 5)),,,907.0,,,
748,成都锦华万达广场店,标准(有B),成都5,Block 11(Store Operations Block 11(SOUTH WEST CHINA 1)),,,806.0,,,
749,重庆南坪万达广场店,标准(有B),重庆2,Block 12(Store Operations Block 12(SOUTH WEST CHINA 2)),,,848.0,,,
750,天津津南永旺梦乐城店,标准(有B),天津2,Block 14(Store Operations Block 14(NORTH CHINA 2)),,,826.0,,,
751,天津鲁能城购物中心店,标准(有B),天津3,Block 14(Store Operations Block 14(NORTH CHINA 2)),,,1045.0,,,
752,成都武侯万达广场店,标准(有B),成都4,Block 11(Store Operations Block 11(SOUTH WEST CHINA 1)),,,800.0,,,
753,新乡万达广场店,标准(有B),郑州5,Block 18(Store Operations Block 18(NORTH WEST CHINA 2)),,,867.6,,,
755,衡阳万达广场店,标准(有B),长沙2,Block 4(Store Operations Block 4(SOUTH CHINA 4)),,,864.0,,,
756,上海颛桥万达广场店,标准(有B),上海5,Block 6(Store Operations Block 6(EAST CHINA 1)),,,883.0,,,
757,重庆观音桥盈嘉中心店,大型,重庆1,Block 12(Store Operations Block 12(SOUTH WEST CHINA 2)),,,1409.0,,,
758,北京西铁营万达广场店,标准(有B),北京６,Block 13(Store Operations Block 13(NORTH CHINA 1)),,,935.0,,,
759,北京怀柔万达广场店,标准(有B),北京３,Block 13(Store Operations Block 13(NORTH CHINA 1)),,,740.0,,,
760,长沙保利Mall店,标准(有B),长沙3,Block 4(Store Operations Block 4(SOUTH CHINA 4)),,,799.4,,,
761,上海静安大融城店,标准(有B),上海9,Block 7(Store Operations Block 7(EAST CHINA 2)),,,823.0,,,
762,泉州开元盛世广场店,标准(有B),福建4,Block 3(Store Operations Block 3(SOUTH CHINA 3)),,,798.0,,,
763,济南万象城店,大型,济南2,Block 15(Store Operations Block 15(SHANDONG)),,,#NULL,,,
765,岳阳步步高新天地店,标准(有B),长沙1,Block 4(Store Operations Block 4(SOUTH CHINA 4)),,,828.6,,,
766,厦门五缘湾天虹购物中心店,标准(有B),福建1,Block 3(Store Operations Block 3(SOUTH CHINA 3)),,,#NULL,,,
767,南昌中山路百盛店,标准(有B),南昌1,Block 5(Store Operations Block 5(CENTRAL CHINA)),,,986.0,,,
768,深圳马成时代广场店,标准(有B),深圳3,Block 2(Store Operations Block 2(SOUTH CHINA 2)),,,847.1,,,
769,中山大信新都汇店,标准(有B),中山,Block 3(Store Operations Block 3(SOUTH CHINA 3)),,,883.0,,,
770,南阳新田360广场店,标准(有B),郑州4,Block 18(Store Operations Block 18(NORTH WEST CHINA 2)),,,784.6,,,
771,大连新玛特购物休闲广场店,标准(有B),大连1,Block 16(Store Operations Block 16(NORTH EAST CHINA)),,,795.9,,,
772,厦门宝龙一城店,标准(有B),福建1,Block 3(Store Operations Block 3(SOUTH CHINA 3)),,,837.0,,,
773,上海置汇旭辉广场店,标准(有B),上海8,Block 7(Store Operations Block 7(EAST CHINA 2)),,,#NULL,,,
775,扬州京华城全生活广场店,标准(有B),扬州,Block 8(Store Operations Block 8(EAST CHINA 3)),,,809.0,,,
776,南京金鹰湖滨天地店,标准(有B),南京4,Block 10(Store Operations Block 10(EAST CHINA 5)),,,1133.0,,,
777,宝鸡银泰城,标准(有B),兰州,Block 17(Store Operations Block 17(NORTH WEST CHINA 1)),,,827.0,,,
778,合肥万象城店,标准(有B),安徽2,Block 10(Store Operations Block 10(EAST CHINA 5)),,,1074.0,,,
779,西安万和城购物中心店,标准(有B),西安3,Block 17(Store Operations Block 17(NORTH WEST CHINA 1)),,,912.0,,,
780,重庆涪陵泽胜中央广场店,标准(有B),重庆2,Block 12(Store Operations Block 12(SOUTH WEST CHINA 2)),,,885.0,,,
781,深圳海岸城店,标准(有B),深圳4,Block 2(Store Operations Block 2(SOUTH CHINA 2)),,,#NULL,,,
782,衡水怡然城店,标准(有B),石家庄2,Block 18(Store Operations Block 18(NORTH WEST CHINA 2)),,,794.0,,,
783,南昌王府井购物中心店,标准(有B),南昌1,Block 5(Store Operations Block 5(CENTRAL CHINA)),,,#NULL,,,
785,杭州临平银泰城店,标准(有B),杭州5,Block 9(Store Operations Block 9(EAST CHINA 4)),,,831.0,,,
786,南京六合欢乐港店,标准(有B),南京1,Block 10(Store Operations Block 10(EAST CHINA 5)),,,#NULL,,,
787,西安MOMOPARK店,标准(有B),西安1,Block 17(Store Operations Block 17(NORTH WEST CHINA 1)),,,#NULL,,,
788,瑞安吾悦广场店,标准(有B),温州,Block 9(Store Operations Block 9(EAST CHINA 4)),,,830.0,,,
789,义乌吾悦广场店,标准(有B),金华,Block 9(Store Operations Block 9(EAST CHINA 4)),,,794.0,,,
790,南京万达茂店,标准(有B),南京4,Block 10(Store Operations Block 10(EAST CHINA 5)),,,854.0,,,
791,商丘万达广场店,标准(有B),郑州2,Block 18(Store Operations Block 18(NORTH WEST CHINA 2)),,,860.0,,,
792,昆明西山万达广场店,标准(有B),昆明2,Block 12(Store Operations Block 12(SOUTH WEST CHINA 2)),,,876.0,,,
793,漳州碧湖万达广场店,标准(有B),福建2,Block 3(Store Operations Block 3(SOUTH CHINA 3)),,,841.0,,,
795,杭州金沙龙湖天街店,标准(有B),杭州5,Block 9(Store Operations Block 9(EAST CHINA 4)),,,717.1,,,
796,北京东直门来福士广场店,标准(有B),北京1,Block 13(Store Operations Block 13(NORTH CHINA 1)),,,#NULL,,,
797,天津熙悦汇购物中心店,标准(有B),天津3,Block 14(Store Operations Block 14(NORTH CHINA 2)),,,811.0,,,
798,福州金融街万达广场店,标准(有B),福建3,Block 3(Store Operations Block 3(SOUTH CHINA 3)),,,831.0,,,
799,重庆万州万达广场店,标准(有B),重庆3,Block 12(Store Operations Block 12(SOUTH WEST CHINA 2)),,,830.0,,,
800,上饶万达广场店,标准(有B),南昌1,Block 5(Store Operations Block 5(CENTRAL CHINA)),,,861.0,,,
801,北京马家堡新荟城店,标准(有B),北京５,Block 13(Store Operations Block 13(NORTH CHINA 1)),,,#NULL,,,
802,北京龙湖房山天街店,标准(有B),北京8,Block 13(Store Operations Block 13(NORTH CHINA 1)),,,1268.75,,,
803,郑州正弘城店,标准(有B),郑州2,Block 18(Store Operations Block 18(NORTH WEST CHINA 2)),,,#NULL,,,
805,西安大悦城店,标准(有B),西安2,Block 17(Store Operations Block 17(NORTH WEST CHINA 1)),,,#NULL,,,
807,南通文峰城市广场店,标准(有B),南通,Block 8(Store Operations Block 8(EAST CHINA 3)),,,899.0,,,
808,武汉壹方北馆店,标准,武汉5,Block 5(Store Operations Block 5(CENTRAL CHINA)),,,#NULL,,,
809,青岛城阳万象汇店,标准(有B),烟台,Block 15(Store Operations Block 15(SHANDONG)),,,#NULL,,,
810,昆明恒隆广场店,标准(有B),昆明1,Block 12(Store Operations Block 12(SOUTH WEST CHINA 2)),,,#NULL,,,
811,上海长风大悦城店,标准(有B),上海3,Block 6(Store Operations Block 6(EAST CHINA 1)),,,802.0,,,
812,厦门万象城店,标准(有B),福建1,Block 3(Store Operations Block 3(SOUTH CHINA 3)),,,#NULL,,,
813,杭州大悦城店,大型,杭州3,Block 9(Store Operations Block 9(EAST CHINA 4)),,,1913.0,,,
816,菏泽万达广场店,标准(有B),济南2,Block 15(Store Operations Block 15(SHANDONG)),,,#NULL,,,
817,开封万达广场店,标准(有B),郑州2,Block 18(Store Operations Block 18(NORTH WEST CHINA 2)),,,821.4,,,
819,烟台金沙滩永旺梦乐城店,标准(有B),烟台,Block 15(Store Operations Block 15(SHANDONG)),,,882.0,,,
820,广州金沙洲永旺梦乐城店,标准(有B),佛山2,Block 1(Store Operations Block 1(SOUTH CHINA 1)),,,#NULL,,,
821,南京新百店,标准,南京5,Block 10(Store Operations Block 10(EAST CHINA 5)),,,#NULL,,,
822,上海中信泰富万达广场店,标准(有B),上海7,Block 6(Store Operations Block 6(EAST CHINA 1)),,,794.4,,,
823,成都龙泉驿万达广场店,标准(有B),成都5,Block 11(Store Operations Block 11(SOUTH WEST CHINA 1)),,,911.0,,,
825,长治万达广场店,标准(有B),郑州3,Block 18(Store Operations Block 18(NORTH WEST CHINA 2)),,,868.0,,,
826,柳州万象城店,标准(有B),柳州,Block 4(Store Operations Block 4(SOUTH CHINA 4)),,,#NULL,,,
827,太原万象城店,大型,太原1,Block 17(Store Operations Block 17(NORTH WEST CHINA 1)),,,1665.0,,,
828,福州东百中心店,大型,福建3,Block 3(Store Operations Block 3(SOUTH CHINA 3)),,,#NULL,,,
829,信阳天润广场店,标准(有B),郑州4,Block 18(Store Operations Block 18(NORTH WEST CHINA 2)),,,820.0,,,
830,上海青浦宝龙广场店,标准(有B),上海13,Block 7(Store Operations Block 7(EAST CHINA 2)),,,#NULL,,,
831,北京凯德MALL天宫院店,标准(有B),北京７,Block 13(Store Operations Block 13(NORTH CHINA 1)),,,#NULL,,,
832,天津天河城店,大型,天津1,Block 14(Store Operations Block 14(NORTH CHINA 2)),,,#NULL,,,
833,桂林万象城店,标准,柳州,Block 4(Store Operations Block 4(SOUTH CHINA 4)),,,#NULL,,,
836,青岛西海岸永旺梦乐城店,标准,青岛1,Block 15(Store Operations Block 15(SHANDONG)),,,#NULL,,,
837,常熟永旺梦乐城店,标准(有B),苏州3,Block 8(Store Operations Block 8(EAST CHINA 3)),,,#NULL,,,
838,广州云门NewPark,标准(有B),广州4,Block 1(Store Operations Block 1(SOUTH CHINA 1)),,,#NULL,,,
839,张家港万达广场店,标准(有B),南通,Block 8(Store Operations Block 8(EAST CHINA 3)),,,#NULL,,,
840,榆林万达广场店,标准(有B),西安4,Block 17(Store Operations Block 17(NORTH WEST CHINA 1)),,,#NULL,,,
841,重庆沙坪坝万达广场店,标准(有B),重庆3,Block 12(Store Operations Block 12(SOUTH WEST CHINA 2)),,,#NULL,,,
842,深圳盐田壹海Mall店,标准(有B),深圳1,Block 2(Store Operations Block 2(SOUTH CHINA 2)),,,#NULL,,,
843,广州百信广场店,标准,广州4,Block 1(Store Operations Block 1(SOUTH CHINA 1)),,,#NULL,,,
845,长沙凯德壹中心店,标准(有B),长沙4,Block 4(Store Operations Block 4(SOUTH CHINA 4)),,,#NULL,,,
846,昆明瑞鼎城爱琴海购物公园店,标准,昆明3,Block 12(Store Operations Block 12(SOUTH WEST CHINA 2)),,,#NULL,,,
847,杭州金沙印象城店,标准(有B),杭州5,Block 9(Store Operations Block 9(EAST CHINA 4)),,,#NULL,,,
848,南通万象城店,标准(有B),南通,Block 8(Store Operations Block 8(EAST CHINA 3)),,,#NULL,,,
849,佛山新DNA购物中心店,标准(有B),佛山3,Block 1(Store Operations Block 1(SOUTH CHINA 1)),,,#NULL,,,
850,成都世豪广场店,大型,成都3,Block 11(Store Operations Block 11(SOUTH WEST CHINA 1)),,,#NULL,,,
851,丽水万地广场店,标准(有B),杭州4,Block 9(Store Operations Block 9(EAST CHINA 4)),,,#NULL,,,
853,长沙松雅湖吾悦广场店,标准(有B),海口,Block 4(Store Operations Block 4(SOUTH CHINA 4)),,,#NULL,,,
855,兰州中心店,标准(有B),兰州,Block 17(Store Operations Block 17(NORTH WEST CHINA 1)),,,#NULL,,,
856,苏州新湖广场店,标准(有B),苏州4,Block 8(Store Operations Block 8(EAST CHINA 3)),,,#NULL,,,
857,南昌青山湖万达广场店,标准(有B),南昌2,Block 5(Store Operations Block 5(CENTRAL CHINA)),,,#NULL,,,
858,运城万达广场店,标准(有B),西安4,Block 17(Store Operations Block 17(NORTH WEST CHINA 1)),,,#NULL,,,
859,宜宾万达广场店,标准(有B),成都5,Block 11(Store Operations Block 11(SOUTH WEST CHINA 1)),,,#NULL,,,
860,北海万达广场店,标准(有B),柳州,Block 4(Store Operations Block 4(SOUTH CHINA 4)),,,#NULL,,,
861,重庆源著天街店,标准(有B),重庆1,Block 12(Store Operations Block 12(SOUTH WEST CHINA 2)),,,#NULL,,,
862,鞍山万象汇店,标准(有B),大连2,Block 16(Store Operations Block 16(NORTH EAST CHINA)),,,#NULL,,,
863,深圳宝安大仟里店,标准,深圳5,Block 2(Store Operations Block 2(SOUTH CHINA 2)),,,#NULL,,,
865,深圳光明大仟里店,标准,深圳5,Block 2(Store Operations Block 2(SOUTH CHINA 2)),,,#NULL,,,
867,咸宁金诚广场店,标准(有B),武汉5,Block 5(Store Operations Block 5(CENTRAL CHINA)),,,#NULL,,,
868,西安曲江创意谷店,标准,西安2,Block 17(Store Operations Block 17(NORTH WEST CHINA 1)),,,#NULL,,,
870,乐山世豪广场店,标准,成都5,Block 11(Store Operations Block 11(SOUTH WEST CHINA 1)),,,#NULL,,,
871,太原公元时代店,标准,太原1,Block 17(Store Operations Block 17(NORTH WEST CHINA 1)),,,#NULL,,,
872,无锡万象城店,标准(有B),无锡,Block 8(Store Operations Block 8(EAST CHINA 3)),,,#NULL,,,
873,长沙世纪金源购物中心店,标准(有B),长沙2,Block 4(Store Operations Block 4(SOUTH CHINA 4)),,,#NULL,,,
875,阜阳颍州万达广场店,标准(有B),安徽1,Block 10(Store Operations Block 10(EAST CHINA 5)),,,#NULL,,,
876,上海复地万科活力城店,标准,上海12,Block 7(Store Operations Block 7(EAST CHINA 2)),,,#NULL,,,
877,珠海斗门大信新都汇店,标准(有B),珠海,Block 3(Store Operations Block 3(SOUTH CHINA 3)),,,#NULL,,,
878,南京华采天地店,标准(有B),南京3,Block 10(Store Operations Block 10(EAST CHINA 5)),,,#NULL,,,
879,临沂吾悦广场店,标准(有B),青岛2,Block 15(Store Operations Block 15(SHANDONG)),,,#NULL,,,
881,成都北城天街店,标准(有B),成都6,Block 11(Store Operations Block 11(SOUTH WEST CHINA 1)),,,#NULL,,,
882,三明万达广场店,标准(有B),福建2,Block 3(Store Operations Block 3(SOUTH CHINA 3)),,,#NULL,,,
883,扬州金鹰新城市中心店,标准(有B),扬州,Block 8(Store Operations Block 8(EAST CHINA 3)),,,#NULL,,,
886,天津嘉里汇店,标准(有B),天津3,Block 14(Store Operations Block 14(NORTH CHINA 2)),,,#NULL,,,
887,苏州吴江万象汇店,标准(有B),苏州4,Block 8(Store Operations Block 8(EAST CHINA 3)),,,#NULL,,,
890,玉林万达广场店,标准(有B),南宁,Block 4(Store Operations Block 4(SOUTH CHINA 4)),,,#NULL,,,
891,汕头金平万达广场店,标准(有B),潮汕,Block 3(Store Operations Block 3(SOUTH CHINA 3)),,,#NULL,,,
895,石家庄长安万达广场店,标准(有B),石家庄2,Block 18(Store Operations Block 18(NORTH WEST CHINA 2)),,,#NULL,,,
896,杭州未来科技城万达广场店,标准(有B),杭州4,Block 9(Store Operations Block 9(EAST CHINA 4)),,,#NULL,,,
897,广州广百新一城店,标准(有B),广州2,Block 1(Store Operations Block 1(SOUTH CHINA 1)),,,#NULL,,,
898,济南印象城店,标准(有B),济南1,Block 15(Store Operations Block 15(SHANDONG)),,,#NULL,,,
899,东莞民盈国贸城店,大型,东莞2,Block 2(Store Operations Block 2(SOUTH CHINA 2)),,,#NULL,,,
900,东莞常平翔龙广场店,标准,东莞2,Block 2(Store Operations Block 2(SOUTH CHINA 2)),,,#NULL,,,
901,上海金地九亭中心店,大型,上海6,Block 6(Store Operations Block 6(EAST CHINA 1)),,,#NULL,,,
902,合肥万科广场店,标准(有B),安徽1,Block 10(Store Operations Block 10(EAST CHINA 5)),,,#NULL,,,
903,益阳万达广场店,标准(有B),长沙3,Block 4(Store Operations Block 4(SOUTH CHINA 4)),,,#NULL,,,
906,北京龙湖长楹天街店,标准(有B),北京４,Block 13(Store Operations Block 13(NORTH CHINA 1)),,,#NULL,,,
907,内江万达广场店,标准(有B),成都2,Block 11(Store Operations Block 11(SOUTH WEST CHINA 1)),,,#NULL,,,
908,临沂上海路万达广场店,标准,青岛2,Block 15(Store Operations Block 15(SHANDONG)),,,#NULL,,,
909,杭州解百店,标准,杭州1,Block 9(Store Operations Block 9(EAST CHINA 4)),,,#NULL,,,
910,哈尔滨万象汇店,标准(有B),哈尔滨1,Block 16(Store Operations Block 16(NORTH EAST CHINA)),,,#NULL,,,
911,秦皇岛茂业天地店,标准,沈阳2,Block 16(Store Operations Block 16(NORTH EAST CHINA)),,,#NULL,,,
912,上海百联曲阳店,标准,上海8,Block 7(Store Operations Block 7(EAST CHINA 2)),,,#NULL,,,
913,溧阳上河城购物中心店,标准,南京5,Block 10(Store Operations Block 10(EAST CHINA 5)),,,#NULL,,,
915,杭州临安白湖畈宝龙广场店,标准,杭州4,Block 9(Store Operations Block 9(EAST CHINA 4)),,,#NULL,,,
917,北京龙湖长安天街店,标准,北京11,Block 14(Store Operations Block 14(NORTH CHINA 2)),,,#NULL,,,
918,杭州龙湖紫荆天街店,标准,杭州3,Block 9(Store Operations Block 9(EAST CHINA 4)),,,#NULL,,,
919,上海龙湖闵行天街店,大型,上海5,Block 6(Store Operations Block 6(EAST CHINA 1)),,,#NULL,,,
920,清远万达广场店,标准(有B),佛山2,Block 1(Store Operations Block 1(SOUTH CHINA 1)),,,#NULL,,,
921,通辽万达广场店,标准(有B),沈阳1,Block 16(Store Operations Block 16(NORTH EAST CHINA)),,,#NULL,,,
922,安庆吾悦广场店,标准(有B),南京4,Block 10(Store Operations Block 10(EAST CHINA 5)),,,#NULL,,,
925,济南万虹广场店,标准(有B),济南3,Block 15(Store Operations Block 15(SHANDONG)),,,#NULL,,,
926,长春摩天活力城店,标准(有B),哈尔滨1,Block 16(Store Operations Block 16(NORTH EAST CHINA)),,,#NULL,,,
928,常州天宁吾悦广场店,标准,常州,Block 8(Store Operations Block 8(EAST CHINA 3)),,,#NULL,,,
929,西安西咸吾悦广店,标准,西安4,Block 17(Store Operations Block 17(NORTH WEST CHINA 1)),,,#NULL,,,
930,深圳盒马里岁宝店,标准,深圳1,Block 2(Store Operations Block 2(SOUTH CHINA 2)),,,#NULL,,,
933,上海浦江万达广场店,标准,上海10,Block 7(Store Operations Block 7(EAST CHINA 2)),,,#NULL,,,
935,濮阳万达广场店,标准,郑州4,Block 18(Store Operations Block 18(NORTH WEST CHINA 2)),,,#NULL,,,
936,淮安淮安区万达广场店,标准,苏北,Block 10(Store Operations Block 10(EAST CHINA 5)),,,#NULL,,,
937,随州万达店,标准,武汉4,Block 5(Store Operations Block 5(CENTRAL CHINA)),,,#NULL,,,
939,汉中吾悦店,标准,西安1,Block 17(Store Operations Block 17(NORTH WEST CHINA 1)),,,#NULL,,,
940,天津津南吾悦店,标准,天津2,Block 14(Store Operations Block 14(NORTH CHINA 2)),,,#NULL,,,
941,抚州硕果时代购物中心店,标准,南昌1,Block 5(Store Operations Block 5(CENTRAL CHINA)),,,#NULL,,,
949,绍兴世茂广场百盛店,标准,绍兴,Block 9(Store Operations Block 9(EAST CHINA 4)),,,#NULL,,,
950,延安万达广场店,标准,西安2,Block 17(Store Operations Block 17(NORTH WEST CHINA 1)),,,#NULL,,,
951,成都滨江天街店,标准,成都1,Block 11(Store Operations Block 11(SOUTH WEST CHINA 1)),,,#NULL,,,
953,茂名电白万达广场店,标准,湛江,Block 4(Store Operations Block 4(SOUTH CHINA 4)),,,#NULL,,,
955,广州嘉裕太阳城广场店,大型,广州1,Block 1(Store Operations Block 1(SOUTH CHINA 1)),,,#NULL,,,
957,福州苏宁广场店,标准,福建2,Block 3(Store Operations Block 3(SOUTH CHINA 3)),,,#NULL,,,
967,沈阳全运万达广场店,标准,大连2,Block 16(Store Operations Block 16(NORTH EAST CHINA)),,,#NULL,,,
